ILCE,IL,RTE,KK,SKOR,Hane_Basina_ADSL_Abonesi,Toplam_Dogurganlik_Hizi,Kadin_Surucu_Belgesi_Orani,Net_Goc_Hizi,Kisi_Basina_Sosyal_Yardim_Tutari,NUFUS_YOGUNLUGU,Hedef_Değişken
ALADAG,ADANA,0.642,0.3579,-0.764,0.255,3.4236,0.1408,-28.3174,746.76,12.0,RTE
CEYHAN,ADANA,0.4736999999999999,0.5262,0.103,0.3589,3.7138,0.1373,-14.7244,759.15,110.0,KK
CUKUROVA,ADANA,0.3315999999999999,0.6683,1.529,0.4899,2.8862,0.2985,6.9035,674.1,1515.0,KK
FEKE,ADANA,0.6889,0.311,-0.954,0.2056,3.8767,0.0637,-55.6674,852.24,13.0,RTE
IMAMOGLU,ADANA,0.6754000000000001,0.3245,-0.434,0.243,3.6795,0.1236,-27.2511,871.25,61.0,RTE
KARAISALI,ADANA,0.7413,0.2586,-0.546,0.2457,3.2184,0.089,-22.209,847.68,20.0,RTE
KARATAS,ADANA,0.3792,0.6207,-0.564,0.317,3.1787,0.0919,-31.5795,750.84,28.0,KK
KOZAN,ADANA,0.6355,0.3644,0.016,0.2924,3.1267,0.1131,-28.5682,996.49,70.0,RTE
POZANTI,ADANA,0.6201,0.3797999999999999,-0.185,0.2589,3.2414,0.142,-18.6556,629.31,23.0,RTE
SAIMBEYLI,ADANA,0.7777,0.2221999999999999,-0.946,0.2249,3.794,0.0842,-47.5163,1042.55,14.0,RTE
SARICAM,ADANA,0.5981000000000001,0.4018,0.862,0.3637,2.8133,0.1949,-7.7115,654.89,326.0,RTE
SEYHAN,ADANA,0.3944,0.6054999999999999,2.043,0.4732,3.1415,0.2975,10.7914,854.35,1772.0,KK
TUFANBEYLI,ADANA,0.644,0.3559,-0.521,0.2461,3.2949,0.1156,-39.0668,781.51,19.0,RTE
YUMURTALIK,ADANA,0.5433,0.4565999999999999,-0.448,0.3023,3.5085,0.0858,-44.1851,753.45,40.0,RTE
YUREGIR,ADANA,0.5052,0.4947,0.596,0.3518,3.1294,0.2309,-2.1959,1010.05,479.0,RTE
MERKEZ,ADIYAMAN,0.6198,0.3801,0.542,0.3076,3.1693,0.2399,-8.4672,975.0,160.0,RTE
BESNI,ADIYAMAN,0.6516,0.3483,-0.444,0.1934,3.8214,0.1588,-30.2282,1089.57,61.0,RTE
CELIKHAN,ADIYAMAN,0.6354,0.3645,-0.631,0.2688,3.9486,0.099,-44.278,731.0,33.0,RTE
GERGER,ADIYAMAN,0.8711,0.1288,-1.289,0.148,4.0629,0.101,-57.9333,917.08,23.0,RTE
GOLBASI,ADIYAMAN,0.6255,0.3743999999999999,-0.133,0.2424,3.4796,0.1167,-11.65,1037.32,60.0,RTE
KAHTA,ADIYAMAN,0.8143,0.1856,-0.512,0.167,3.3918,0.0869,-33.4631,854.72,106.0,RTE
SAMSAT,ADIYAMAN,0.9005,0.0993999999999999,-0.84,0.1396,4.0154,0.1236,-31.0926,858.79,21.0,RTE
SINCIK,ADIYAMAN,0.9459,0.054,-1.202,0.1822,3.9751,0.0781,-49.2692,799.75,32.0,RTE
TUT,ADIYAMAN,0.6756,0.3243,-0.979,0.2596,3.4674,0.104,-42.3694,1112.57,32.0,RTE
MERKEZ,AFYONKARAHISAR,0.6701,0.3298,1.178,0.3426,3.2896,0.2465,-15.1306,628.89,260.0,RTE
BASMAKCI,AFYONKARAHISAR,0.614,0.3859,-0.427,0.2405,3.6272,0.1537,-35.4506,1084.93,25.0,RTE
BAYAT,AFYONKARAHISAR,0.6840999999999999,0.3157999999999999,-0.62,0.206,3.973,0.1195,-34.3441,926.86,19.0,RTE
BOLVADIN,AFYONKARAHISAR,0.7542,0.2457,-0.045,0.3217,3.1886,0.1909,-17.7924,876.09,48.0,RTE
CAY,AFYONKARAHISAR,0.6174000000000001,0.3825,-0.328,0.2045,3.7787,0.1041,-34.3292,1071.7,37.0,RTE
COBANLAR,AFYONKARAHISAR,0.6939,0.306,-0.801,0.267,3.5017,0.1014,-27.4469,752.1,87.0,RTE
DAZKIRI,AFYONKARAHISAR,0.6273,0.3726,-0.088,0.3355,3.7047,0.1229,-24.4177,844.33,29.0,RTE
DINAR,AFYONKARAHISAR,0.5977,0.4022,-0.132,0.3201,3.7786,0.1628,-31.1819,652.61,38.0,RTE
EMIRDAG,AFYONKARAHISAR,0.6277,0.3722,-0.183,0.2615,3.8123,0.1718,-41.5276,889.0,21.0,RTE
EVCILER,AFYONKARAHISAR,0.5997,0.4002,-0.525,0.3152,3.393,0.1378,-19.3907,956.39,28.0,RTE
HOCALAR,AFYONKARAHISAR,0.7934,0.2065,-0.772,0.2445,4.0179,0.1344,-32.3807,1059.59,17.0,RTE
IHSANIYE,AFYONKARAHISAR,0.8056,0.1943,-0.592,0.2126,3.2861,0.0633,-23.881,751.84,33.0,RTE
ISCEHISAR,AFYONKARAHISAR,0.7948000000000001,0.2051,-0.392,0.1963,3.777,0.17,-45.2456,993.87,51.0,RTE
KIZILOREN,AFYONKARAHISAR,0.6175999999999999,0.3823,-0.64,0.1693,3.3881,0.0824,-31.0037,1157.87,18.0,RTE
SANDIKLI,AFYONKARAHISAR,0.7051999999999999,0.2946999999999999,0.052,0.2627,3.1157,0.1242,-24.5294,1051.73,44.0,RTE
SINANPASA,AFYONKARAHISAR,0.7534000000000001,0.2465,-0.627,0.1771,3.2978,0.1267,-37.6515,806.69,43.0,RTE
SULTANDAGI,AFYONKARAHISAR,0.3608,0.6391,-0.368,0.311,3.7543,0.0802,-20.399,753.22,15.0,KK
SUHUT,AFYONKARAHISAR,0.7173999999999999,0.2825,-0.488,0.2975,3.366,0.1416,-25.9568,669.58,34.0,RTE
MERKEZ,AGRI,0.4644,0.5355,-0.231,0.2583,3.8442,0.1818,-21.2873,891.2,89.0,KK
DIYADIN,AGRI,0.2572,0.7426999999999999,-1.147,0.1632,3.577,0.0762,-36.3649,911.39,27.0,KK
DOGUBAYAZIT,AGRI,0.178,0.8219,-0.647,0.2616,3.6163,0.1507,-49.5087,1134.62,51.0,KK
ELESKIRT,AGRI,0.6245,0.3754,-1.013,0.2373,3.3249,0.0989,-47.1701,1195.32,22.0,RTE
HAMUR,AGRI,0.4243,0.5756,-1.275,0.0966,3.8314,0.0731,-55.7259,1111.85,17.0,KK
PATNOS,AGRI,0.2758,0.7241,-1.05,0.1659,4.0845,0.1036,-44.8641,1047.62,78.0,KK
TASLICAY,AGRI,0.3117,0.6881999999999999,-1.124,0.1437,3.9517,0.0951,-48.7376,1131.55,22.0,KK
TUTAK,AGRI,0.4168,0.5831000000000001,-1.254,0.2365,3.4302,0.0196,-32.5323,966.7,19.0,KK
MERKEZ,AMASYA,0.5808,0.4191,0.651,0.3838,3.2004,0.1749,-16.4711,980.79,80.0,RTE
GOYNUCEK,AMASYA,0.6831,0.3167999999999999,-0.798,0.2674,3.4937,0.055,-49.6762,1135.9,18.0,RTE
GUMUSHACIKOY,AMASYA,0.4362,0.5637,-0.269,0.2011,3.597,0.1684,-23.518,968.37,36.0,KK
HAMAMOZU,AMASYA,0.6785,0.3214,-0.665,0.2638,3.4712,0.0678,-25.9278,779.18,17.0,RTE
MERZIFON,AMASYA,0.5177,0.4821999999999999,0.547,0.3532,3.2128,0.1535,-14.8109,866.07,87.0,RTE
SULUOVA,AMASYA,0.7442,0.2557,0.061,0.3546,3.4142,0.1851,-26.7298,860.17,103.0,RTE
TASOVA,AMASYA,0.6676000000000001,0.3323,-0.49,0.2128,3.7323,0.1411,-31.5304,1126.27,31.0,RTE
AKYURT,ANKARA,0.7631999999999999,0.2367,0.705,0.4043,3.6208,0.2311,-0.437,778.99,121.0,RTE
ALTINDAG,ANKARA,0.632,0.3679,2.528,0.5485,2.8761,0.3344,7.3406,444.25,3373.0,RTE
AYAS,ANKARA,0.5889,0.411,0.032,0.2452,3.4599,0.1189,-11.0681,792.25,13.0,RTE
BALA,ANKARA,0.654,0.3459,-0.611,0.237,3.5673,0.1136,-46.0893,988.54,12.0,RTE
BEYPAZARI,ANKARA,0.6093999999999999,0.3904999999999999,0.269,0.3676,3.1364,0.1369,-7.8151,785.03,29.0,RTE
CAMLIDERE,ANKARA,0.8051999999999999,0.1946999999999999,-0.526,0.2351,3.4521,0.0679,-40.3944,794.13,13.0,RTE
CANKAYA,ANKARA,0.2184,0.7815000000000001,6.901,0.8978,1.6156,0.604,101.0398,0.0,1961.0,KK
CUBUK,ANKARA,0.7524,0.2475,0.298,0.3439,2.9995,0.2196,-20.0369,581.03,84.0,RTE
ELMADAG,ANKARA,0.5091,0.4907999999999999,0.462,0.415,2.9471,0.1783,-2.8397,690.47,70.0,RTE
ETIMESGUT,ANKARA,0.4328,0.5671,1.957,0.5138,3.225,0.2548,20.3626,806.97,2304.0,KK
EVREN,ANKARA,0.6581,0.3418,-0.478,0.2089,3.2344,0.1047,-20.5637,940.89,14.0,RTE
GOLBASI,ANKARA,0.5045000000000001,0.4954,1.79,0.4373,3.0822,0.2962,8.7692,563.06,121.0,RTE
GUDUL,ANKARA,0.6864,0.3135,-0.493,0.3014,3.4474,0.1104,-39.0447,690.79,16.0,RTE
HAYMANA,ANKARA,0.6659999999999999,0.3339,-0.578,0.201,3.5317,0.132,-46.7795,657.98,13.0,RTE
KAHRAMANKAZAN,ANKARA,0.6727,0.3272,1.538,0.3879,2.9162,0.2768,11.6355,670.87,113.0,RTE
KALECIK,ANKARA,0.6833,0.3166,-0.359,0.2626,3.7529,0.095,-23.8588,1052.36,12.0,RTE
KECIOREN,ANKARA,0.5573,0.4426,1.365,0.3842,2.8888,0.2375,-7.9792,881.45,5862.0,RTE
KIZILCAHAMAM,ANKARA,0.7112999999999999,0.2885999999999999,0.022,0.2999,3.4882,0.1804,-16.6973,878.44,18.0,RTE
MAMAK,ANKARA,0.4976,0.5023,0.779,0.3462,3.1339,0.2435,-24.5042,603.88,2139.0,KK
NALLIHAN,ANKARA,0.5829,0.417,-0.102,0.2077,3.0886,0.16,-38.3147,828.66,13.0,RTE
POLATLI,ANKARA,0.5527000000000001,0.4472,0.581,0.2866,2.986,0.2129,-18.1899,560.23,36.0,RTE
PURSAKLAR,ANKARA,0.7393000000000001,0.2606,0.447,0.2672,3.6548,0.187,-7.8372,804.17,980.0,RTE
SINCAN,ANKARA,0.6495000000000001,0.3504,1.05,0.4067,2.8154,0.2662,-15.0225,967.72,671.0,RTE
SEREFLIKOCHISAR,ANKARA,0.5922999999999999,0.4075999999999999,0.115,0.3157,3.3739,0.1463,-26.7446,623.37,15.0,RTE
YENIMAHALLE,ANKARA,0.4188,0.5811,4.481,0.7781,2.389,0.4745,41.13,300.67,3264.0,KK
AKSEKI,ANTALYA,0.5895,0.4104,-0.182,0.3113,3.2373,0.1746,-34.0241,839.79,7.0,RTE
AKSU,ANTALYA,0.4882999999999999,0.5115999999999999,0.476,0.3187,3.0889,0.1882,-22.5778,853.99,203.0,KK
ALANYA,ANTALYA,0.4729,0.527,1.676,0.3816,2.9449,0.274,-2.5835,652.07,230.0,KK
DEMRE,ANTALYA,0.5064,0.4935,0.18,0.2486,3.5543,0.1318,-34.1476,1010.55,85.0,RTE
DOSEMEALTI,ANTALYA,0.4763,0.5236,1.216,0.3863,3.2024,0.2073,-6.353,883.47,132.0,KK
ELMALI,ANTALYA,0.5381,0.4618,-0.15,0.2322,3.5828,0.135,-18.7874,818.6,29.0,RTE
FINIKE,ANTALYA,0.5003,0.4996,0.315,0.3293,3.5076,0.2254,-19.2613,1037.3,67.0,RTE
GAZIPASA,ANTALYA,0.4388,0.5611,0.152,0.2633,2.9992,0.1162,-29.6935,690.68,50.0,KK
GUNDOGMUS,ANTALYA,0.565,0.4349,-0.815,0.2593,3.5925,0.0832,-47.0964,1134.07,6.0,RTE
IBRADI,ANTALYA,0.4941,0.5058,-0.264,0.2768,3.8096,0.0951,-23.2402,1006.21,4.0,KK
KAS,ANTALYA,0.452,0.5478999999999999,0.203,0.3008,3.028,0.1951,-34.2659,764.44,37.0,KK
KEMER,ANTALYA,0.4318,0.5681,1.501,0.4741,2.9636,0.2326,-4.1935,861.01,122.0,KK
KEPEZ,ANTALYA,0.4574,0.5425,1.392,0.4486,2.6971,0.2782,-3.1617,843.14,2156.0,KK
KONYAALTI,ANTALYA,0.2724,0.7275,2.465,0.5563,2.5774,0.3413,25.1323,473.09,359.0,KK
KORKUTELI,ANTALYA,0.5704,0.4295,0.081,0.3148,3.1011,0.179,-14.2623,983.26,24.0,RTE
KUMLUCA,ANTALYA,0.5268,0.4731,0.515,0.3096,3.6198,0.1886,-24.4774,957.25,61.0,RTE
MANAVGAT,ANTALYA,0.4688,0.5311,1.538,0.4336,3.1998,0.2894,-5.0415,545.64,112.0,KK
MURATPASA,ANTALYA,0.3102,0.6897,3.173,0.559,2.2867,0.3342,47.2913,550.88,5307.0,KK
SERIK,ANTALYA,0.4431,0.5568,0.852,0.3556,3.4952,0.2142,-20.456,613.16,114.0,KK
ARDANUC,ARTVIN,0.3952,0.6047,-0.454,0.1831,3.6194,0.125,-22.5694,649.64,11.0,KK
ARHAVI,ARTVIN,0.5502,0.4497,0.222,0.3914,3.6966,0.1561,-18.9401,661.51,54.0,RTE
MERKEZ,ARTVIN,0.48,0.5199,0.913,0.3907,3.2988,0.199,6.8564,934.66,32.0,KK
BORCKA,ARTVIN,0.642,0.3579,-0.29,0.2329,3.158,0.1507,-22.297,979.78,28.0,RTE
HOPA,ARTVIN,0.3799,0.62,0.502,0.3259,3.3052,0.223,-11.9001,669.05,214.0,KK
KEMALPASA,ARTVIN,0.3107999999999999,0.6890999999999999,-0.432,0.271,3.3124,0.1646,-46.7326,898.55,126.0,KK
MURGUL,ARTVIN,0.5074000000000001,0.4925,-0.165,0.2684,3.8437,0.1721,-31.1931,840.51,21.0,RTE
SAVSAT,ARTVIN,0.4476,0.5523,-0.405,0.2902,3.7017,0.1674,-45.206,1107.7,13.0,KK
YUSUFELI,ARTVIN,0.7478,0.2521,-0.29,0.2254,3.8286,0.1184,-19.8782,1055.36,8.0,RTE
BOZDOGAN,AYDIN,0.5085000000000001,0.4914,-0.514,0.2756,3.1884,0.1419,-23.3035,793.79,37.0,RTE
BUHARKENT,AYDIN,0.4578,0.5421,-0.293,0.2429,3.4362,0.153,-35.0896,989.47,106.0,KK
CINE,AYDIN,0.4669,0.5329999999999999,-0.07,0.3503,3.6152,0.1962,-16.2923,1020.82,59.0,KK
DIDIM,AYDIN,0.2713,0.7286,0.842,0.386,3.1003,0.2409,2.6724,935.08,239.0,KK
EFELER,AYDIN,0.3849,0.615,1.518,0.3934,2.8648,0.2241,13.9823,568.78,494.0,KK
GERMENCIK,AYDIN,0.4106,0.5893,-0.282,0.3271,3.6823,0.1198,-40.7203,678.82,113.0,KK
INCIRLIOVA,AYDIN,0.4904,0.5095000000000001,-0.091,0.2477,3.3082,0.164,-23.1266,892.78,306.0,KK
KARACASU,AYDIN,0.4832,0.5167,-0.422,0.3132,3.7102,0.1686,-22.8286,1011.1,24.0,KK
KARPUZLU,AYDIN,0.6238,0.3761,-0.693,0.1791,3.9159,0.0781,-42.842,1056.86,37.0,RTE
KOCARLI,AYDIN,0.5676,0.4322999999999999,-0.531,0.2041,3.8183,0.1386,-29.9272,873.65,49.0,RTE
KOSK,AYDIN,0.6496,0.3503,-0.306,0.341,3.8206,0.0819,-36.7835,827.47,158.0,RTE
KUSADASI,AYDIN,0.2737,0.7262000000000001,1.495,0.382,3.2094,0.225,14.3593,836.68,519.0,KK
KUYUCAK,AYDIN,0.4783,0.5216,-0.224,0.208,3.4713,0.1633,-22.4966,1005.01,99.0,KK
NAZILLI,AYDIN,0.4347999999999999,0.5650999999999999,0.756,0.3776,3.0923,0.1641,-25.3184,861.86,244.0,KK
SOKE,AYDIN,0.364,0.6359,0.821,0.3592,3.4071,0.1671,0.2819,639.53,116.0,KK
SULTANHISAR,AYDIN,0.4493999999999999,0.5505,-0.265,0.2312,3.1236,0.1823,-33.4964,957.84,96.0,KK
YENIPAZAR,AYDIN,0.5219,0.478,-0.296,0.2568,3.5371,0.1093,-41.438,953.11,66.0,RTE
ALTIEYLUL,BALIKESIR,0.5261,0.4738,1.245,0.3745,3.2247,0.2678,-2.3722,713.98,194.0,RTE
AYVALIK,BALIKESIR,0.2779,0.722,0.907,0.3789,3.4789,0.1953,0.9968,939.69,246.0,KK
BALYA,BALIKESIR,0.5219,0.478,-0.6,0.2995,3.5788,0.1454,-37.7671,1040.57,16.0,RTE
BANDIRMA,BALIKESIR,0.3939999999999999,0.6059,1.072,0.3574,2.7597,0.2054,-10.7004,517.38,222.0,KK
BIGADIC,BALIKESIR,0.6119,0.3879999999999999,-0.138,0.349,3.7008,0.1821,-22.3421,1082.27,44.0,RTE
BURHANIYE,BALIKESIR,0.3754,0.6245,0.586,0.3934,3.139,0.2405,-1.3606,763.85,160.0,KK
DURSUNBEY,BALIKESIR,0.8078,0.1921,-0.456,0.3116,3.5841,0.1071,-33.4688,899.35,19.0,RTE
EDREMIT,BALIKESIR,0.352,0.6479,1.072,0.4412,2.8514,0.2701,2.1771,565.68,255.0,KK
ERDEK,BALIKESIR,0.3450999999999999,0.6548,0.352,0.3787,3.4849,0.1828,-5.8034,550.66,104.0,KK
GOMEC,BALIKESIR,0.3599,0.64,0.062,0.2754,3.7944,0.1792,-23.0677,720.32,107.0,KK
GONEN,BALIKESIR,0.517,0.4829,0.326,0.3651,3.3599,0.2003,-31.5897,953.42,65.0,RTE
HAVRAN,BALIKESIR,0.6635,0.3364,-0.471,0.1691,3.3975,0.1573,-20.7924,885.22,50.0,RTE
IVRINDI,BALIKESIR,0.6625,0.3374,-0.483,0.3227,3.7659,0.0958,-43.6877,664.45,38.0,RTE
KARESI,BALIKESIR,0.53,0.4699,1.108,0.3481,3.2025,0.2586,-3.8914,587.05,274.0,RTE
KEPSUT,BALIKESIR,0.7226,0.2773,-0.536,0.252,3.1801,0.0869,-40.504,1095.02,25.0,RTE
MANYAS,BALIKESIR,0.4604,0.5395,-0.303,0.3201,3.7035,0.0896,-21.9998,913.77,28.0,KK
MARMARA,BALIKESIR,0.4446,0.5553,0.405,0.3938,3.2241,0.2175,-9.3143,794.89,99.0,KK
SAVASTEPE,BALIKESIR,0.6099,0.39,-0.426,0.2136,3.3784,0.1344,-39.1307,813.05,39.0,RTE
SINDIRGI,BALIKESIR,0.5760000000000001,0.4239,-0.477,0.2173,3.3186,0.1258,-46.271,940.63,22.0,RTE
SUSURLUK,BALIKESIR,0.4865,0.5134000000000001,0.225,0.3676,3.3855,0.1369,-6.1819,1015.24,63.0,KK
MERKEZ,BILECIK,0.5185,0.4814,0.821,0.3381,3.2146,0.1966,1.6882,795.66,98.0,RTE
BOZUYUK,BILECIK,0.4976,0.5023,0.608,0.3923,3.5337,0.1888,-9.9848,799.65,87.0,KK
GOLPAZARI,BILECIK,0.5827,0.4172,-0.446,0.2253,3.7321,0.1678,-41.1592,694.45,15.0,RTE
INHISAR,BILECIK,0.6038,0.3961,-0.43,0.2594,3.158,0.1603,-22.2386,981.61,12.0,RTE
OSMANELI,BILECIK,0.5855,0.4144,-0.154,0.2618,3.6391,0.1312,-27.4932,1101.13,43.0,RTE
PAZARYERI,BILECIK,0.6154999999999999,0.3843999999999999,-0.301,0.3015,3.677,0.0975,-42.0928,1101.35,30.0,RTE
SOGUT,BILECIK,0.5966,0.4033,0.102,0.2906,3.1538,0.2005,-29.3375,900.01,36.0,RTE
YENIPAZAR,BILECIK,0.6509999999999999,0.3489,-0.501,0.2643,3.7653,0.1449,-45.9386,831.76,10.0,RTE
ADAKLI,BINGOL,0.6416,0.3583,-1.097,0.2636,3.3585,0.0505,-44.1828,898.34,10.0,RTE
MERKEZ,BINGOL,0.6812,0.3187,0.214,0.3487,3.5701,0.1898,-13.6352,808.46,96.0,RTE
GENC,BINGOL,0.8223,0.1776,-0.646,0.183,3.5191,0.15,-39.384,660.04,23.0,RTE
KARLIOVA,BINGOL,0.4573,0.5426,-1.017,0.1787,3.6482,0.1263,-47.5218,972.3,17.0,KK
KIGI,BINGOL,0.4056,0.5943,-0.517,0.2806,3.3543,0.1516,-26.8637,758.6,10.0,KK
SOLHAN,BINGOL,0.8131999999999999,0.1867,-0.73,0.2453,3.7537,0.14,-42.9303,1140.92,32.0,RTE
YAYLADERE,BINGOL,0.3082999999999999,0.6916,-0.451,0.2376,3.2797,0.0748,-19.1259,661.13,5.0,KK
YEDISU,BINGOL,0.3081,0.6918000000000001,-0.968,0.2163,3.9497,0.0701,-51.739,831.04,6.0,KK
ADILCEVAZ,BITLIS,0.4782,0.5217,-0.832,0.186,3.84,0.0898,-51.8581,1099.01,18.0,KK
AHLAT,BITLIS,0.4705,0.5294,-0.706,0.2328,3.5608,0.07,-25.2536,731.79,39.0,KK
MERKEZ,BITLIS,0.5156000000000001,0.4843,-0.046,0.2777,3.439,0.1212,-26.9237,945.47,69.0,RTE
GUROYMAK,BITLIS,0.4435,0.5564,-1.002,0.2607,4.0209,0.0556,-44.1928,742.99,95.0,KK
HIZAN,BITLIS,0.5672999999999999,0.4326,-1.103,0.1093,3.3278,0.0299,-45.4865,974.97,30.0,RTE
MUTKI,BITLIS,0.7936,0.2062999999999999,-1.257,0.1699,3.541,0.0791,-59.244,880.69,26.0,RTE
TATVAN,BITLIS,0.423,0.5769,-0.128,0.2601,3.4821,0.1821,-41.1605,961.95,55.0,KK
MERKEZ,BOLU,0.5791,0.4208,1.48,0.4436,3.0448,0.2247,2.3727,478.82,138.0,RTE
DORTDIVAN,BOLU,0.9016,0.0983,-0.784,0.1719,3.6401,0.1321,-39.4223,689.02,10.0,RTE
GEREDE,BOLU,0.8787999999999999,0.1211,0.024,0.273,3.4817,0.1775,-19.8276,1042.31,35.0,RTE
GOYNUK,BOLU,0.8026000000000001,0.1973,-0.441,0.255,3.1765,0.0895,-18.5106,853.46,10.0,RTE
KIBRISCIK,BOLU,0.5083,0.4916,-0.655,0.2132,3.5139,0.1429,-40.0635,739.04,5.0,RTE
MENGEN,BOLU,0.614,0.3859,-0.245,0.228,3.3401,0.0957,-41.7573,917.82,16.0,RTE
MUDURNU,BOLU,0.6814,0.3185,-0.461,0.2965,3.8032,0.136,-18.602,1002.7,14.0,RTE
SEBEN,BOLU,0.6273,0.3726,-0.425,0.1866,3.6092,0.0782,-30.3268,886.7,7.0,RTE
YENICAGA,BOLU,0.8343,0.1656,-0.091,0.2933,3.51,0.1413,-10.9008,762.25,40.0,RTE
AGLASUN,BURDUR,0.7088,0.2910999999999999,-0.476,0.2087,3.8678,0.0831,-45.6496,1076.49,22.0,RTE
ALTINYAYLA,BURDUR,0.7576999999999999,0.2422,-0.663,0.2876,3.7966,0.0979,-30.6447,1132.12,16.0,RTE
BUCAK,BURDUR,0.6256,0.3743,0.439,0.4004,3.5564,0.1849,-5.8046,1016.51,59.0,RTE
MERKEZ,BURDUR,0.4836,0.5163,0.917,0.4039,3.0754,0.2459,-8.57,956.54,109.0,KK
CAVDIR,BURDUR,0.5858,0.4140999999999999,-0.448,0.2274,3.3564,0.1482,-24.0851,823.86,30.0,RTE
CELTIKCI,BURDUR,0.6742,0.3257,-0.528,0.1944,3.5837,0.1181,-37.092,950.27,12.0,RTE
GOLHISAR,BURDUR,0.6718000000000001,0.3281,0.074,0.3104,3.3461,0.1886,-36.5948,1020.52,41.0,RTE
KARAMANLI,BURDUR,0.4711,0.5288,-0.034,0.3471,3.6246,0.1922,-23.621,1015.17,27.0,KK
KEMER,BURDUR,0.6984,0.3015,-0.549,0.1639,3.7332,0.0847,-23.1658,850.78,14.0,RTE
TEFENNI,BURDUR,0.5324,0.4675,-0.325,0.3239,3.8065,0.1303,-39.398,937.27,14.0,RTE
YESILOVA,BURDUR,0.4468,0.5531,-0.336,0.2236,3.3683,0.0955,-36.4837,1083.47,10.0,KK
BUYUKORHAN,BURSA,0.8081,0.1918,-0.752,0.2744,3.3898,0.0526,-33.3395,723.02,19.0,RTE
GEMLIK,BURSA,0.4929,0.507,0.743,0.3399,3.5828,0.1643,-10.8543,704.27,299.0,KK
GURSU,BURSA,0.6940000000000001,0.3059,0.176,0.2351,3.033,0.1244,-22.4314,664.28,962.0,RTE
HARMANCIK,BURSA,0.7048000000000001,0.2951,-0.372,0.2253,3.1234,0.0958,-30.0085,1103.58,16.0,RTE
INEGOL,BURSA,0.6914,0.3085,1.018,0.4674,2.9634,0.25,-6.6632,490.63,261.0,RTE
IZNIK,BURSA,0.547,0.4528999999999999,0.099,0.2376,3.3876,0.1799,-9.7244,843.39,60.0,RTE
KARACABEY,BURSA,0.5063,0.4936,0.56,0.3808,3.0517,0.2027,-7.9279,784.2,74.0,RTE
KELES,BURSA,0.7348,0.2651,-0.392,0.197,3.4213,0.1381,-25.866,740.1,18.0,RTE
KESTEL,BURSA,0.5877,0.4122,0.777,0.4261,3.569,0.1598,-8.2002,656.46,194.0,RTE
MUDANYA,BURSA,0.3964,0.6035,1.037,0.4257,3.1684,0.1915,-18.8105,809.44,300.0,KK
MUSTAFAKEMALPASA,BURSA,0.5463,0.4536,0.285,0.2434,3.0031,0.1819,-20.5653,628.21,63.0,RTE
NILUFER,BURSA,0.3815,0.6184000000000001,4.072,0.7722,2.0266,0.4426,61.3959,381.34,1018.0,KK
ORHANELI,BURSA,0.6916,0.3082999999999999,-0.354,0.3115,3.6515,0.1599,-28.7032,1045.14,23.0,RTE
ORHANGAZI,BURSA,0.5302,0.4697,0.486,0.3346,3.1673,0.1674,-18.1597,691.81,162.0,RTE
OSMANGAZI,BURSA,0.561,0.4389,2.374,0.4676,2.4323,0.3001,23.3345,669.25,1426.0,RTE
YENISEHIR,BURSA,0.5577000000000001,0.4422,0.062,0.2773,3.3143,0.1754,-23.6553,691.68,77.0,RTE
YILDIRIM,BURSA,0.6042000000000001,0.3957,1.085,0.4795,3.0572,0.2567,-12.1809,565.32,5955.0,RTE
AYVACIK,CANAKKALE,0.4421,0.5578,0.133,0.3518,3.6386,0.1252,-25.7883,583.25,40.0,KK
BAYRAMIC,CANAKKALE,0.4374,0.5625,-0.229,0.2097,3.0861,0.1566,-39.5526,1031.9,24.0,KK
BIGA,CANAKKALE,0.5416,0.4583,0.426,0.3738,3.6961,0.1635,-8.4641,887.44,72.0,RTE
BOZCAADA,CANAKKALE,0.2365,0.7634000000000001,1.677,0.5376,3.0792,0.2482,4.5184,797.32,91.0,KK
CAN,CANAKKALE,0.5174,0.4825,0.258,0.3668,3.0824,0.1276,-10.4567,933.13,52.0,RTE
MERKEZ,CANAKKALE,0.292,0.7079000000000001,1.846,0.4373,3.2743,0.3345,7.9949,837.48,201.0,KK
ECEABAT,CANAKKALE,0.2565,0.7434000000000001,0.058,0.2844,3.5544,0.1625,-11.1496,846.24,21.0,KK
EZINE,CANAKKALE,0.4422,0.5577000000000001,0.043,0.3549,3.034,0.1622,-38.3094,957.25,44.0,KK
GELIBOLU,CANAKKALE,0.3525999999999999,0.6473,0.465,0.4148,3.69,0.1456,-13.5841,1013.01,54.0,KK
GOKCEADA,CANAKKALE,0.3954,0.6045,0.635,0.3651,3.4188,0.2119,-22.9791,949.09,40.0,KK
LAPSEKI,CANAKKALE,0.5278,0.4721,-0.056,0.2505,3.6137,0.1206,-22.1448,599.22,37.0,RTE
YENICE,CANAKKALE,0.6292,0.3707,-0.404,0.2192,3.633,0.1328,-25.6302,791.26,22.0,RTE
ATKARACALAR,CANKIRI,0.8108,0.1891,-0.518,0.1826,3.7587,0.0759,-40.4212,762.56,22.0,RTE
BAYRAMOREN,CANKIRI,0.8565,0.1434,-0.836,0.2283,3.284,0.105,-31.0413,1132.24,8.0,RTE
MERKEZ,CANKIRI,0.726,0.2739,0.704,0.3136,3.5411,0.2109,3.1669,734.47,162.0,RTE
CERKES,CANKIRI,0.7161,0.2838,-0.232,0.3265,3.5554,0.1254,-30.8533,1079.91,12.0,RTE
ELDIVAN,CANKIRI,0.7681999999999999,0.2317,-0.573,0.3049,3.5156,0.161,-45.1123,1082.67,7.0,RTE
ILGAZ,CANKIRI,0.7906,0.2092999999999999,-0.249,0.3189,3.5917,0.1021,-29.8308,948.95,40.0,RTE
KIZILIRMAK,CANKIRI,0.8602,0.1397,-0.715,0.2962,3.6385,0.099,-50.7624,668.74,8.0,RTE
KORGUN,CANKIRI,0.8708,0.1291,-0.606,0.28,3.6983,0.0774,-24.7087,739.64,8.0,RTE
KURSUNLU,CANKIRI,0.7862,0.2137,-0.173,0.254,3.816,0.116,-15.5718,977.86,25.0,RTE
ORTA,CANKIRI,0.9094,0.0905,-0.699,0.2943,3.2822,0.1057,-32.2394,855.52,21.0,RTE
SABANOZU,CANKIRI,0.7112999999999999,0.2885999999999999,-0.13,0.2805,3.8349,0.1539,-25.9009,1010.18,27.0,RTE
YAPRAKLI,CANKIRI,0.9032,0.0967,-0.893,0.1808,3.4369,0.092,-51.2694,889.51,10.0,RTE
ALACA,CORUM,0.7056,0.2943,-0.339,0.3264,3.5677,0.1253,-24.0785,880.9,23.0,RTE
BAYAT,CORUM,0.8035,0.1964,-0.868,0.1564,3.2572,0.091,-28.7762,874.66,19.0,RTE
BOGAZKALE,CORUM,0.815,0.1848999999999999,-0.604,0.2168,3.818,0.0753,-44.8174,1013.73,14.0,RTE
MERKEZ,CORUM,0.5864,0.4135,1.026,0.3568,3.1286,0.2234,-15.9424,782.26,122.0,RTE
DODURGA,CORUM,0.6019,0.3979999999999999,-0.511,0.2601,3.5744,0.0744,-39.5339,992.66,23.0,RTE
ISKILIP,CORUM,0.8001999999999999,0.1997,-0.492,0.3013,3.3366,0.1229,-41.9591,660.33,25.0,RTE
KARGI,CORUM,0.7406,0.2593,-0.583,0.1819,3.6637,0.1015,-20.7989,777.26,13.0,RTE
LACIN,CORUM,0.7277,0.2722,-0.789,0.2342,3.4676,0.0904,-29.5768,731.95,22.0,RTE
MECITOZU,CORUM,0.5782,0.4217,-0.719,0.226,3.6519,0.0668,-45.677,866.15,16.0,RTE
OGUZLAR,CORUM,0.7067,0.2932,-0.82,0.2713,3.292,0.1093,-47.4643,977.8,40.0,RTE
ORTAKOY,CORUM,0.5777,0.4221999999999999,-0.697,0.214,3.4352,0.1234,-28.8859,1078.98,22.0,RTE
OSMANCIK,CORUM,0.7093,0.2905999999999999,-0.194,0.2756,3.1929,0.0902,-40.7973,676.38,34.0,RTE
SUNGURLU,CORUM,0.7303000000000001,0.2696,-0.243,0.2384,3.3295,0.1138,-22.1081,735.15,24.0,RTE
UGURLUDAG,CORUM,0.8295999999999999,0.1703,-0.923,0.1455,3.3995,0.1252,-44.4215,1168.76,15.0,RTE
ACIPAYAM,DENIZLI,0.5759000000000001,0.424,0.052,0.3559,3.5459,0.1441,-34.7902,1008.1,31.0,RTE
BABADAG,DENIZLI,0.5495,0.4503999999999999,-0.43,0.2181,3.3362,0.0798,-26.6405,674.97,56.0,RTE
BAKLAN,DENIZLI,0.5202,0.4797,-0.532,0.2139,3.8771,0.0852,-48.0471,882.7,19.0,RTE
BEKILLI,DENIZLI,0.4014,0.5985,-0.231,0.3161,3.3657,0.1625,-42.6455,780.78,20.0,KK
BEYAGAC,DENIZLI,0.5598,0.4401,-0.57,0.2532,3.9623,0.0915,-35.413,670.3,25.0,RTE
BOZKURT,DENIZLI,0.455,0.5449,-0.311,0.2382,3.4202,0.1243,-32.8515,638.49,26.0,KK
BULDAN,DENIZLI,0.4667,0.5332,-0.011,0.2667,3.1186,0.1417,-29.966,965.72,51.0,KK
CAL,DENIZLI,0.4388,0.5611,-0.232,0.3393,3.1386,0.1815,-29.908,670.96,20.0,KK
CAMELI,DENIZLI,0.7112,0.2887,-0.542,0.3033,3.8392,0.0652,-47.0965,989.22,23.0,RTE
CARDAK,DENIZLI,0.4604999999999999,0.5394,-0.236,0.3079,3.1283,0.1139,-22.892,925.21,19.0,KK
CIVRIL,DENIZLI,0.5053,0.4946,-0.127,0.3281,3.2643,0.1789,-31.7542,777.92,62.0,RTE
GUNEY,DENIZLI,0.4635,0.5364,-0.457,0.3189,3.8171,0.1495,-22.0655,956.95,18.0,KK
HONAZ,DENIZLI,0.4700999999999999,0.5297999999999999,0.636,0.4175,3.1466,0.2424,-5.9889,594.3,75.0,KK
KALE,DENIZLI,0.6241,0.3757999999999999,-0.379,0.2445,3.2584,0.1529,-21.9258,936.41,27.0,RTE
MERKEZEFENDI,DENIZLI,0.424,0.5759000000000001,2.375,0.602,2.9245,0.3525,4.4374,443.35,1017.0,KK
PAMUKKALE,DENIZLI,0.4634,0.5365,1.227,0.3832,3.1057,0.2348,2.2799,751.95,416.0,KK
SARAYKOY,DENIZLI,0.362,0.6379,0.078,0.2216,3.579,0.1399,-19.4577,658.53,73.0,KK
SERINHISAR,DENIZLI,0.5437,0.4562,-0.064,0.2133,3.809,0.1069,-31.6153,991.43,73.0,RTE
TAVAS,DENIZLI,0.5675,0.4324,-0.165,0.3446,3.1139,0.1738,-13.7106,978.39,29.0,RTE
BAGLAR,DIYARBAKIR,0.2408,0.7591,0.017,0.2693,3.1683,0.1057,-31.0553,833.0,2161.0,KK
BISMIL,DIYARBAKIR,0.2173999999999999,0.7825,-0.727,0.2581,3.399,0.1425,-27.1707,1085.66,67.0,KK
CERMIK,DIYARBAKIR,0.6277,0.3722,-0.887,0.1882,3.5656,0.0661,-50.4024,909.42,48.0,RTE
CINAR,DIYARBAKIR,0.3685,0.6314,-1.256,0.1828,3.4837,0.0234,-59.847,791.41,42.0,KK
CUNGUS,DIYARBAKIR,0.6207,0.3792,-1.092,0.1883,3.4739,0.0838,-39.7609,915.88,18.0,RTE
DICLE,DIYARBAKIR,0.3566,0.6433,-1.122,0.2501,3.4615,0.1019,-45.2859,861.67,49.0,KK
EGIL,DIYARBAKIR,0.422,0.5779,-1.166,0.1929,3.9314,0.0276,-46.7509,1014.48,48.0,KK
ERGANI,DIYARBAKIR,0.3289,0.6709999999999999,-0.572,0.1667,3.7988,0.1468,-48.2344,795.39,92.0,KK
HANI,DIYARBAKIR,0.5287,0.4711999999999999,-1.267,0.1297,4.1354,0.0152,-50.9736,818.54,71.0,RTE
HAZRO,DIYARBAKIR,0.2476,0.7523000000000001,-1.285,0.2156,3.6222,0.0952,-48.8631,920.93,39.0,KK
KAYAPINAR,DIYARBAKIR,0.2527,0.7472,0.857,0.3509,3.2689,0.2245,-4.4121,595.7,1837.0,KK
KOCAKOY,DIYARBAKIR,0.1808,0.8190999999999999,-1.131,0.1482,3.9954,0.0535,-39.498,1057.59,24.0,KK
KULP,DIYARBAKIR,0.4263,0.5736,-1.102,0.1845,3.5063,0.0575,-42.0495,780.56,23.0,KK
LICE,DIYARBAKIR,0.146,0.8539,-1.022,0.2052,3.7479,0.0604,-48.2043,951.8,25.0,KK
SILVAN,DIYARBAKIR,0.2141,0.7857999999999999,-0.824,0.1676,4.0344,0.0559,-49.0122,690.23,64.0,KK
SUR,DIYARBAKIR,0.3111,0.6888,0.124,0.3519,3.3511,0.1713,-14.0343,866.58,81.0,KK
YENISEHIR,DIYARBAKIR,0.2865,0.7134,0.466,0.288,3.4459,0.2317,-18.9464,608.93,623.0,KK
MERKEZ,EDIRNE,0.3021999999999999,0.6977,2.113,0.4531,2.7999,0.299,-0.1668,782.91,235.0,KK
ENEZ,EDIRNE,0.2632,0.7367,-0.284,0.2819,3.7311,0.0902,-26.7306,1099.3,23.0,KK
HAVSA,EDIRNE,0.3167999999999999,0.6831,-0.198,0.2186,3.7584,0.1427,-36.5834,1082.16,33.0,KK
IPSALA,EDIRNE,0.3977,0.6022,-0.408,0.2489,3.2938,0.1641,-31.2981,791.05,35.0,KK
KESAN,EDIRNE,0.3556,0.6443000000000001,0.623,0.3598,3.3337,0.1739,-18.3246,863.05,77.0,KK
LALAPASA,EDIRNE,0.4718,0.5281,-0.351,0.3266,3.594,0.1245,-23.5482,636.38,12.0,KK
MERIC,EDIRNE,0.4158,0.5841,-0.806,0.1507,3.9543,0.1122,-27.0584,1148.88,29.0,KK
SULOGLU,EDIRNE,0.4178,0.5821000000000001,-0.285,0.34,3.8307,0.174,-43.2607,996.56,18.0,KK
UZUNKOPRU,EDIRNE,0.3225,0.6774,0.1,0.3421,3.2347,0.1898,-22.0159,804.47,50.0,KK
AGIN,ELAZIG,0.6222,0.3777,-0.622,0.1874,3.2066,0.0781,-35.3486,852.44,12.0,RTE
ALACAKAYA,ELAZIG,0.7617,0.2382,-0.729,0.1453,3.44,0.06,-32.9925,1042.66,18.0,RTE
ARICAK,ELAZIG,0.7686,0.2312999999999999,-1.07,0.2039,3.4765,0.1118,-56.0278,863.28,31.0,RTE
BASKIL,ELAZIG,0.8376,0.1623,-0.714,0.2805,3.5398,0.0939,-42.6421,1014.73,14.0,RTE
MERKEZ,ELAZIG,0.6908,0.3091,1.135,0.3343,2.8609,0.2312,-15.7291,705.68,387.0,RTE
KARAKOCAN,ELAZIG,0.4941,0.5058,-0.483,0.2329,3.5841,0.0732,-18.1335,658.14,27.0,KK
KEBAN,ELAZIG,0.7321,0.2678,-0.416,0.3098,3.6483,0.0874,-33.2101,731.38,12.0,RTE
KOVANCILAR,ELAZIG,0.8109000000000001,0.1889999999999999,-0.428,0.2103,3.7052,0.1535,-19.7781,808.26,40.0,RTE
MADEN,ELAZIG,0.6678000000000001,0.3321,-0.592,0.2105,3.803,0.0894,-22.6046,1059.02,11.0,RTE
PALU,ELAZIG,0.8909,0.109,-0.737,0.263,3.4378,0.1488,-24.621,1048.92,23.0,RTE
SIVRICE,ELAZIG,0.7931999999999999,0.2067,-0.647,0.2277,3.5071,0.1567,-45.4356,694.91,12.0,RTE
CAYIRLI,ERZINCAN,0.5718,0.4281,-0.543,0.1667,3.554,0.0739,-35.1916,971.85,8.0,RTE
MERKEZ,ERZINCAN,0.6078,0.3921,0.724,0.3914,3.3403,0.2296,2.1414,697.43,92.0,RTE
ILIC,ERZINCAN,0.7209,0.2789999999999999,-0.301,0.2049,3.1021,0.09,-19.283,1109.64,7.0,RTE
KEMAH,ERZINCAN,0.614,0.3859,-0.604,0.305,3.8822,0.1233,-35.2757,893.49,3.0,RTE
KEMALIYE,ERZINCAN,0.7064,0.2935,-0.276,0.3438,3.7239,0.1718,-21.692,1064.21,4.0,RTE
OTLUKBELI,ERZINCAN,0.8209000000000001,0.179,-0.508,0.2694,3.8564,0.086,-44.36,858.1,10.0,RTE
REFAHIYE,ERZINCAN,0.6884999999999999,0.3114,-0.391,0.2202,3.9028,0.0945,-34.2808,1074.34,7.0,RTE
TERCAN,ERZINCAN,0.5922999999999999,0.4075999999999999,-0.527,0.3203,3.2263,0.1411,-44.1005,726.84,10.0,RTE
UZUMLU,ERZINCAN,0.6434000000000001,0.3565,-0.63,0.3104,3.4856,0.0933,-49.7105,983.19,27.0,RTE
ASKALE,ERZURUM,0.8339,0.166,-0.578,0.1738,3.2289,0.1136,-31.8111,897.01,14.0,RTE
AZIZIYE,ERZURUM,0.8116,0.1883,0.062,0.3025,3.0371,0.1758,-36.8683,915.93,41.0,RTE
CAT,ERZURUM,0.7040000000000001,0.2959,-1.131,0.1036,3.8247,0.0905,-48.3303,806.78,8.0,RTE
HINIS,ERZURUM,0.4507,0.5492,-0.909,0.128,4.0419,0.0534,-53.083,1033.11,14.0,KK
HORASAN,ERZURUM,0.8327,0.1672,-0.778,0.1447,3.8947,0.0486,-31.5898,1085.28,20.0,RTE
ISPIR,ERZURUM,0.8475,0.1524,-0.381,0.2972,3.1623,0.1565,-36.9032,829.19,7.0,RTE
KARACOBAN,ERZURUM,0.2778,0.7221,-1.172,0.1731,3.9487,0.0829,-34.0308,1163.52,36.0,KK
KARAYAZI,ERZURUM,0.3073,0.6926000000000001,-1.274,0.2182,3.9021,0.0589,-57.5723,828.18,10.0,KK
KOPRUKOY,ERZURUM,0.826,0.1739,-1.189,0.1731,3.8729,0.0947,-55.8286,863.61,9.0,RTE
NARMAN,ERZURUM,0.8376,0.1623,-0.796,0.1378,4.0219,0.0478,-35.9037,1081.23,15.0,RTE
OLTU,ERZURUM,0.8212,0.1787,0.025,0.3481,3.6033,0.1717,-16.0931,1024.09,21.0,RTE
OLUR,ERZURUM,0.8151999999999999,0.1846999999999999,-0.637,0.1723,3.3476,0.1465,-24.7548,876.72,7.0,RTE
PALANDOKEN,ERZURUM,0.7267,0.2732,0.378,0.3144,3.1364,0.1652,-21.8026,952.15,262.0,RTE
PASINLER,ERZURUM,0.8325,0.1674,-0.765,0.2445,3.5503,0.1022,-42.3086,760.74,22.0,RTE
PAZARYOLU,ERZURUM,0.8989,0.1009999999999999,-0.612,0.2278,3.7153,0.1444,-47.4259,725.56,6.0,RTE
SENKAYA,ERZURUM,0.5946,0.4053,-1.119,0.18,3.9389,0.1233,-31.0848,881.04,9.0,RTE
TEKMAN,ERZURUM,0.3202,0.6797,-1.277,0.1277,3.9644,0.0797,-32.5906,1190.24,10.0,KK
TORTUM,ERZURUM,0.8887999999999999,0.1110999999999999,-0.592,0.2178,3.9557,0.0911,-47.2078,1139.59,10.0,RTE
UZUNDERE,ERZURUM,0.8409,0.159,-0.561,0.1876,3.6725,0.137,-24.7732,741.76,13.0,RTE
YAKUTIYE,ERZURUM,0.7766,0.2232999999999999,1.688,0.4717,2.6042,0.2652,-7.4724,746.94,196.0,RTE
ALPU,ESKISEHIR,0.6468,0.3531,-0.401,0.2114,3.7402,0.1255,-17.6305,910.02,10.0,RTE
BEYLIKOVA,ESKISEHIR,0.5226,0.4772999999999999,-0.424,0.224,3.3963,0.0787,-21.3336,937.03,8.0,RTE
CIFTELER,ESKISEHIR,0.5932,0.4067,-0.202,0.2341,3.5259,0.1205,-28.4519,1039.64,17.0,RTE
GUNYUZU,ESKISEHIR,0.7269,0.273,-0.541,0.2524,3.9522,0.119,-26.992,800.91,6.0,RTE
HAN,ESKISEHIR,0.4869,0.513,-0.687,0.1472,3.8608,0.0691,-41.0555,769.77,6.0,KK
INONU,ESKISEHIR,0.6354,0.3645,0.323,0.2463,3.3777,0.1943,-21.3061,669.37,18.0,RTE
MAHMUDIYE,ESKISEHIR,0.4903,0.5096,-0.351,0.2816,3.3247,0.1743,-20.4138,1025.29,11.0,KK
MIHALGAZI,ESKISEHIR,0.6606000000000001,0.3393,-0.452,0.3104,3.855,0.1652,-37.9722,863.82,27.0,RTE
MIHALICCIK,ESKISEHIR,0.6003000000000001,0.3996,-0.552,0.2612,3.5192,0.1367,-37.4275,747.63,4.0,RTE
ODUNPAZARI,ESKISEHIR,0.4243,0.5756,1.95,0.4369,2.7893,0.307,3.8622,696.24,381.0,KK
SARICAKAYA,ESKISEHIR,0.6879000000000001,0.312,-0.525,0.2204,3.2643,0.0834,-20.3915,739.89,12.0,RTE
SEYITGAZI,ESKISEHIR,0.5297999999999999,0.4700999999999999,-0.31,0.2067,3.3196,0.0941,-25.0314,1061.1,13.0,RTE
SIVRIHISAR,ESKISEHIR,0.5811,0.4188,-0.163,0.2706,3.8065,0.0947,-20.9461,1049.16,7.0,RTE
TEPEBASI,ESKISEHIR,0.429,0.5709000000000001,1.477,0.4107,2.6563,0.2177,-11.4781,606.23,296.0,KK
ARABAN,GAZIANTEP,0.6715000000000001,0.3284,-0.736,0.1436,3.2422,0.121,-35.6149,967.82,63.0,RTE
ISLAHIYE,GAZIANTEP,0.6305,0.3693999999999999,-0.37,0.2814,3.6293,0.0917,-34.333,662.6,43.0,RTE
KARKAMIS,GAZIANTEP,0.5965,0.4034,-0.837,0.2476,4.0337,0.0633,-46.8716,822.44,26.0,RTE
NIZIP,GAZIANTEP,0.6681999999999999,0.3317,-0.157,0.2057,3.6875,0.1452,-12.0346,915.0,160.0,RTE
NURDAGI,GAZIANTEP,0.7779,0.222,-0.45,0.2263,3.9116,0.1275,-36.1897,641.76,56.0,RTE
OGUZELI,GAZIANTEP,0.6829999999999999,0.3169,-0.389,0.2193,3.5758,0.1178,-34.284,778.59,54.0,RTE
SAHINBEY,GAZIANTEP,0.62,0.3799,0.854,0.4163,3.4309,0.1988,-8.591,982.32,1012.0,RTE
SEHITKAMIL,GAZIANTEP,0.6154999999999999,0.3843999999999999,2.375,0.5452,2.6854,0.3649,17.9274,750.3,838.0,RTE
YAVUZELI,GAZIANTEP,0.6672,0.3327,-1.049,0.2284,3.4773,0.0673,-39.6078,767.4,51.0,RTE
ALUCRA,GIRESUN,0.8758,0.1241,-0.54,0.2498,3.7361,0.1166,-23.0002,898.95,8.0,RTE
BULANCAK,GIRESUN,0.6622,0.3377,0.063,0.2403,3.653,0.1251,-10.9608,596.54,107.0,RTE
CAMOLUK,GIRESUN,0.8854000000000001,0.1144999999999999,-0.92,0.1743,3.573,0.1091,-33.2184,774.66,15.0,RTE
CANAKCI,GIRESUN,0.7844,0.2155,-0.637,0.2409,3.2756,0.0865,-47.0804,710.5,16.0,RTE
DERELI,GIRESUN,0.8325,0.1674,-0.824,0.2452,3.6243,0.0473,-37.6298,963.68,24.0,RTE
DOGANKENT,GIRESUN,0.7536,0.2463,-0.593,0.2025,3.863,0.1602,-39.4376,822.97,33.0,RTE
ESPIYE,GIRESUN,0.6689,0.331,-0.178,0.3519,3.2011,0.143,-39.5543,1065.24,134.0,RTE
EYNESIL,GIRESUN,0.6579999999999999,0.3419,-0.35,0.2943,3.7229,0.1351,-21.3695,758.41,87.0,RTE
MERKEZ,GIRESUN,0.5231,0.4768,1.145,0.3453,3.0435,0.2152,1.3788,844.53,259.0,RTE
GORELE,GIRESUN,0.6208,0.3791,-0.045,0.3599,3.463,0.1265,-17.8793,806.03,109.0,RTE
GUCE,GIRESUN,0.8009999999999999,0.1989,-0.805,0.2363,3.9317,0.0751,-37.775,1094.53,21.0,RTE
KESAP,GIRESUN,0.6537999999999999,0.3461,-0.24,0.2824,3.4616,0.1848,-21.2113,802.14,91.0,RTE
PIRAZIZ,GIRESUN,0.6147,0.3852,-0.168,0.2358,3.4944,0.1599,-17.5015,1081.01,63.0,RTE
SEBINKARAHISAR,GIRESUN,0.8101,0.1898,-0.204,0.2291,3.0962,0.1227,-35.4108,788.59,17.0,RTE
TIREBOLU,GIRESUN,0.6596,0.3403,0.014,0.299,3.5741,0.1052,-31.389,1080.03,115.0,RTE
YAGLIDERE,GIRESUN,0.8177,0.1822,-0.576,0.2134,3.8116,0.1169,-22.8474,1035.59,43.0,RTE
MERKEZ,GUMUSHANE,0.725,0.2749,0.655,0.3923,3.4825,0.1913,-16.8916,806.78,30.0,RTE
KELKIT,GUMUSHANE,0.8361,0.1638,-0.429,0.1871,3.933,0.0857,-29.1235,831.98,25.0,RTE
KOSE,GUMUSHANE,0.9023,0.0975999999999999,-0.629,0.2875,3.426,0.0976,-29.9582,822.42,41.0,RTE
KURTUN,GUMUSHANE,0.8488,0.1510999999999999,-0.705,0.2268,4.0003,0.1144,-22.8222,749.04,13.0,RTE
SIRAN,GUMUSHANE,0.7685,0.2314,-0.515,0.2794,3.9394,0.071,-19.2619,1017.92,20.0,RTE
TORUL,GUMUSHANE,0.7809999999999999,0.2189,-0.368,0.2931,3.8547,0.1182,-17.8691,712.03,10.0,RTE
CUKURCA,HAKKARI,0.3136,0.6862999999999999,-0.077,0.237,3.1803,0.1628,-43.1902,917.89,61.0,KK
DERECIK,HAKKARI,0.6998000000000001,0.3001,-0.386,0.237,3.7125,0.0439,-41.9251,1069.56,55.0,RTE
MERKEZ,HAKKARI,0.2447,0.7552,-0.477,0.3058,3.1254,0.1762,-26.2885,939.89,30.0,KK
SEMDINLI,HAKKARI,0.432,0.5679,-0.633,0.2769,3.7212,0.0612,-43.6101,880.47,31.0,KK
YUKSEKOVA,HAKKARI,0.1751,0.8248000000000001,-1.135,0.1662,3.231,0.1649,-39.3356,1095.5,48.0,KK
ALTINOZU,HATAY,0.8681,0.1318,-1.038,0.1757,3.428,0.0308,-56.9603,1084.35,172.0,RTE
ANTAKYA,HATAY,0.565,0.4349,1.146,0.4789,2.8057,0.2615,-14.5614,731.54,428.0,RTE
ARSUZ,HATAY,0.2351,0.7648,-0.064,0.2431,3.8368,0.1033,-28.7182,1006.72,246.0,KK
BELEN,HATAY,0.6762999999999999,0.3236,0.064,0.2384,3.2573,0.1362,-37.6998,630.53,193.0,RTE
DEFNE,HATAY,0.0865,0.9134,0.338,0.2588,2.9987,0.1998,-6.83,698.06,784.701646090535,KK
DORTYOL,HATAY,0.5589,0.441,0.323,0.3302,3.3248,0.1707,-20.462,725.11,412.0,RTE
ERZIN,HATAY,0.5034000000000001,0.4965,-0.24,0.2091,3.2786,0.1758,-23.7106,1004.93,101.0,RTE
HASSA,HATAY,0.7655,0.2344,-0.627,0.293,3.5435,0.1516,-24.148,897.06,105.0,RTE
ISKENDERUN,HATAY,0.5056,0.4943,1.056,0.4261,3.3092,0.2596,-13.2739,753.29,920.0,RTE
KIRIKHAN,HATAY,0.7856000000000001,0.2143,-0.206,0.2021,3.2397,0.1576,-15.7336,868.97,150.0,RTE
KUMLU,HATAY,0.7490000000000001,0.2509,-0.951,0.1863,4.0052,0.0532,-48.4226,742.56,54.0,RTE
PAYAS,HATAY,0.6354,0.3645,-0.028,0.3224,3.7969,0.123,-23.0529,736.33,281.0,RTE
REYHANLI,HATAY,0.8355,0.1644,-0.54,0.2383,3.2885,0.1278,-28.1968,855.05,251.0,RTE
SAMANDAG,HATAY,0.0749,0.925,-0.029,0.345,3.3367,0.1679,-14.6245,1028.46,300.0,KK
YAYLADAGI,HATAY,0.8212999999999999,0.1785999999999999,-0.863,0.1902,3.8074,0.0789,-50.0715,707.16,93.0,RTE
AKSU,ISPARTA,0.6112,0.3887,-0.679,0.2022,3.3643,0.0754,-32.9587,725.58,9.0,RTE
ATABEY,ISPARTA,0.5626,0.4372999999999999,-0.299,0.2598,3.5095,0.128,-39.7227,983.62,52.0,RTE
EGIRDIR,ISPARTA,0.6179,0.382,-0.087,0.3011,3.5287,0.1924,-35.2099,795.48,20.0,RTE
GELENDOST,ISPARTA,0.5488000000000001,0.4511,-0.641,0.2113,3.8435,0.1327,-32.029,726.66,26.0,RTE
GONEN,ISPARTA,0.5075,0.4924,-0.034,0.3155,3.1209,0.1542,-28.9105,830.16,27.0,RTE
MERKEZ,ISPARTA,0.5498,0.4501,1.551,0.5144,2.7579,0.274,8.4798,520.37,353.0,RTE
KECIBORLU,ISPARTA,0.5992999999999999,0.4006,-0.147,0.259,3.8283,0.161,-36.1503,729.13,26.0,RTE
SENIRKENT,ISPARTA,0.5722999999999999,0.4276,-0.387,0.3071,3.4483,0.1127,-22.9121,972.38,16.0,RTE
SUTCULER,ISPARTA,0.8106,0.1893,-0.811,0.2577,3.3817,0.1108,-45.5453,1129.09,8.0,RTE
SARKIKARAAGAC,ISPARTA,0.6178,0.3821,-0.249,0.2154,3.1059,0.1668,-21.1827,985.57,20.0,RTE
ULUBORLU,ISPARTA,0.5600999999999999,0.4397999999999999,-0.113,0.2057,3.4295,0.1396,-18.7257,894.64,47.0,RTE
YALVAC,ISPARTA,0.6403,0.3596,-0.1,0.2425,3.6675,0.1106,-13.9113,639.32,32.0,RTE
YENISARBADEMLI,ISPARTA,0.5552,0.4447,-0.421,0.1833,3.2071,0.1312,-19.31,736.04,13.0,RTE
AKDENIZ,MERSIN,0.3325,0.6674,1.183,0.4162,3.142,0.2456,-1.306,478.01,843.0,KK
ANAMUR,MERSIN,0.4461,0.5538000000000001,0.316,0.265,3.0039,0.211,-30.3864,651.73,54.0,KK
AYDINCIK,MERSIN,0.5342,0.4657,-0.186,0.3284,3.6249,0.1003,-41.2162,710.63,32.0,RTE
BOZYAZI,MERSIN,0.5117,0.4882,-0.211,0.3408,3.3455,0.1147,-30.2291,822.55,34.0,RTE
CAMLIYAYLA,MERSIN,0.598,0.4019,-0.505,0.2179,3.8829,0.0826,-36.1971,1082.46,10.0,RTE
ERDEMLI,MERSIN,0.5476,0.4523,0.331,0.2475,3.0017,0.1732,-11.8438,880.1,68.0,RTE
GULNAR,MERSIN,0.5585,0.4414,-0.278,0.2868,3.3518,0.1714,-23.4257,976.85,25.0,RTE
MEZITLI,MERSIN,0.3127,0.6872,1.147,0.3852,3.0022,0.221,-9.9864,572.94,591.0,KK
MUT,MERSIN,0.5267000000000001,0.4732,-0.179,0.3068,3.4355,0.1299,-34.9963,1023.79,23.0,RTE
SILIFKE,MERSIN,0.4172,0.5827,0.519,0.3075,3.4955,0.2017,-21.2021,862.53,54.0,KK
TARSUS,MERSIN,0.428,0.5719,0.613,0.3747,3.3153,0.2196,-24.9764,963.26,170.0,KK
TOROSLAR,MERSIN,0.4334,0.5665,0.396,0.3626,3.0963,0.1604,-23.1543,571.23,286.0,KK
YENISEHIR,MERSIN,0.2595,0.7404000000000001,1.948,0.4841,2.9116,0.3085,21.7129,828.46,1180.0,KK
ADALAR,ISTANBUL,0.2582,0.7417,1.822,0.4168,3.3011,0.2746,6.4891,766.29,1484.0,KK
ARNAVUTKOY,ISTANBUL,0.6368,0.3631,0.771,0.3504,3.0457,0.159,4.2037,848.92,742.0,RTE
ATASEHIR,ISTANBUL,0.4174,0.5825,3.545,0.6873,2.6612,0.3772,47.8654,515.65,16661.0,KK
AVCILAR,ISTANBUL,0.4207,0.5792,1.64,0.4465,2.6271,0.3167,7.1812,620.84,8744.0,KK
BAGCILAR,ISTANBUL,0.5968,0.4031,2.346,0.5047,3.0672,0.3456,19.1557,682.95,28763.0,RTE
BAHCELIEVLER,ISTANBUL,0.5047999999999999,0.4951,2.423,0.4864,2.6106,0.2839,20.5527,663.63,35491.0,RTE
BAKIRKOY,ISTANBUL,0.2379,0.762,4.465,0.7744,2.176,0.492,62.8461,86.85,6890.0,KK
BASAKSEHIR,ISTANBUL,0.5487,0.4512,3.468,0.5723,2.4983,0.3791,38.703,523.73,4903.0,RTE
BAYRAMPASA,ISTANBUL,0.5275,0.4724,2.266,0.4766,3.0314,0.2698,17.5143,448.36,29872.0,RTE
BESIKTAS,ISTANBUL,0.1748,0.8251000000000001,5.94,0.8693,1.7946,0.5411,91.9196,0.0,9390.0,KK
BEYKOZ,ISTANBUL,0.5418999999999999,0.4579999999999999,1.732,0.5001,2.7197,0.2702,8.8548,662.17,792.0,RTE
BEYLIKDUZU,ISTANBUL,0.4226,0.5772999999999999,2.503,0.4636,2.4416,0.379,16.2081,336.84,10496.0,KK
BEYOGLU,ISTANBUL,0.4982,0.5017,3.394,0.6915,2.1483,0.355,34.3949,465.93,24288.0,KK
BUYUKCEKMECE,ISTANBUL,0.447,0.5529,1.891,0.4261,2.56,0.3112,-3.2697,649.87,1599.0,KK
CATALCA,ISTANBUL,0.4301,0.5698,0.761,0.3983,3.5778,0.2536,0.418,729.84,72.0,KK
CEKMEKOY,ISTANBUL,0.5118,0.4881,1.45,0.4472,3.2051,0.2653,15.2836,707.7,2026.0,RTE
ESENLER,ISTANBUL,0.6418,0.3581,1.354,0.4731,3.1045,0.2034,-6.0262,515.93,23772.0,RTE
ESENYURT,ISTANBUL,0.4595,0.5404,2.479,0.5531,2.6029,0.3223,30.0933,457.42,22744.0,KK
EYUPSULTAN,ISTANBUL,0.479,0.5209,1.839,0.538,2.6857,0.2732,15.249,792.86,1843.0,KK
FATIH,ISTANBUL,0.5399,0.46,4.226,0.7339,2.6014,0.4126,47.929,159.62,23735.0,RTE
GAZIOSMANPASA,ISTANBUL,0.5698,0.4301,1.46,0.4184,2.8457,0.282,5.4902,789.77,43985.0,RTE
GUNGOREN,ISTANBUL,0.5405,0.4594,1.92,0.5177,3.1867,0.2944,-4.0722,408.39,38563.0,RTE
KADIKOY,ISTANBUL,0.1755,0.8244,4.91,0.7101,2.5232,0.4735,67.2001,467.69,18717.0,KK
KAGITHANE,ISTANBUL,0.525,0.4749,2.174,0.447,2.9749,0.326,0.8939,815.03,31834.0,RTE
KARTAL,ISTANBUL,0.4216,0.5783,2.321,0.4451,2.5226,0.27,18.7333,332.04,12501.0,KK
KUCUKCEKMECE,ISTANBUL,0.4397,0.5602,2.161,0.503,2.5877,0.3089,19.8093,413.06,20843.0,KK
MALTEPE,ISTANBUL,0.3753,0.6246,2.685,0.5386,2.4467,0.3646,31.6302,756.65,9688.0,KK
PENDIK,ISTANBUL,0.5568,0.4431,2.485,0.5014,2.8412,0.3473,9.0263,353.43,4155.0,RTE
SANCAKTEPE,ISTANBUL,0.5019,0.498,1.275,0.4089,3.067,0.2246,-8.4017,620.96,7948.0,RTE
SARIYER,ISTANBUL,0.4052,0.5947,3.249,0.692,2.8254,0.3429,34.8313,407.5,1967.0,KK
SILIVRI,ISTANBUL,0.4172,0.5827,1.312,0.4703,3.0784,0.2161,-4.4213,502.93,258.0,KK
SULTANBEYLI,ISTANBUL,0.6713,0.3286,0.684,0.2986,2.9532,0.1628,-9.3171,923.73,12438.0,RTE
SULTANGAZI,ISTANBUL,0.5967,0.4032,0.816,0.3703,3.044,0.2223,-7.5622,621.74,14800.0,RTE
SILE,ISTANBUL,0.5118,0.4881,0.698,0.4168,3.0626,0.1584,1.945,758.87,53.0,RTE
SISLI,ISTANBUL,0.2873,0.7126,6.959,1.0264,1.699,0.6203,89.4754,227.73,26474.0,KK
TUZLA,ISTANBUL,0.4879,0.512,2.73,0.5513,2.6689,0.3602,34.0925,388.8,2208.0,KK
UMRANIYE,ISTANBUL,0.5373,0.4625999999999999,3.364,0.6483,2.6451,0.3621,23.994,484.79,15734.0,RTE
USKUDAR,ISTANBUL,0.4707,0.5292,3.045,0.5285,2.6896,0.3295,30.5556,724.25,14781.0,KK
ZEYTINBURNU,ISTANBUL,0.5158,0.4841,2.382,0.5054,2.5106,0.3432,26.2398,663.42,25536.0,RTE
ALIAGA,IZMIR,0.365,0.6349,1.154,0.4654,3.1796,0.187,2.8021,914.82,178.0,KK
BALCOVA,IZMIR,0.2227,0.7772,2.902,0.5608,2.6998,0.3373,37.3753,521.01,3648.0,KK
BAYINDIR,IZMIR,0.447,0.5529,-0.304,0.2344,3.5594,0.132,-24.7165,765.08,73.0,KK
BAYRAKLI,IZMIR,0.3589,0.6409999999999999,1.322,0.4535,3.0057,0.2076,1.7203,530.03,9673.0,KK
BERGAMA,IZMIR,0.4397999999999999,0.5600999999999999,0.379,0.3248,3.15,0.2086,-12.6692,800.06,70.0,KK
BEYDAG,IZMIR,0.3775,0.6224000000000001,-0.481,0.1901,3.5945,0.1209,-25.8013,699.19,69.0,KK
BORNOVA,IZMIR,0.3279999999999999,0.6718999999999999,3.028,0.5353,2.9875,0.3605,16.5773,248.65,2040.0,KK
BUCA,IZMIR,0.3484,0.6515000000000001,1.227,0.3564,3.0599,0.1995,0.9323,627.81,2939.0,KK
CESME,IZMIR,0.2525,0.7474,1.998,0.5688,2.8938,0.3302,2.4854,575.61,176.0,KK
CIGLI,IZMIR,0.2695,0.7304,2.046,0.5598,2.913,0.2586,21.8276,826.68,2157.0,KK
DIKILI,IZMIR,0.2438,0.7561,0.609,0.3067,2.9752,0.2163,1.5817,646.48,91.0,KK
FOCA,IZMIR,0.2575,0.7424,0.844,0.4322,3.1008,0.2381,-20.65,814.71,183.0,KK
GAZIEMIR,IZMIR,0.3268,0.6731,2.031,0.4344,3.1955,0.3123,15.7639,700.47,1956.0,KK
GUZELBAHCE,IZMIR,0.1818,0.8181,1.882,0.4566,3.3164,0.2777,21.5363,649.18,500.0,KK
KARABAGLAR,IZMIR,0.3638,0.6361,1.078,0.3346,2.8201,0.2694,-18.9773,696.27,5699.0,KK
KARABURUN,IZMIR,0.262,0.7379000000000001,0.676,0.3288,3.3137,0.1689,-13.1099,715.53,32.0,KK
KARSIYAKA,IZMIR,0.1699,0.83,2.222,0.4698,2.6634,0.3454,8.8991,751.96,6698.0,KK
KEMALPASA,IZMIR,0.5049,0.495,0.983,0.405,3.184,0.2398,-16.4529,608.93,173.0,RTE
KINIK,IZMIR,0.3928999999999999,0.607,-0.297,0.2879,3.3443,0.1633,-15.64,1044.35,67.0,KK
KIRAZ,IZMIR,0.5478999999999999,0.452,-0.599,0.1727,3.5426,0.0658,-20.2062,715.04,74.0,RTE
KONAK,IZMIR,0.286,0.7139,3.465,0.6144,2.7955,0.4371,44.2918,606.39,12896.0,KK
MENDERES,IZMIR,0.3989,0.601,0.903,0.3184,3.1333,0.2622,-15.4516,671.31,144.0,KK
MENEMEN,IZMIR,0.3424,0.6575,0.838,0.3869,3.3577,0.1908,-12.854,674.74,322.0,KK
NARLIDERE,IZMIR,0.15,0.8499,1.632,0.4959,3.2936,0.2754,-7.1295,557.28,950.0,KK
ODEMIS,IZMIR,0.4562,0.5437,0.336,0.2762,3.2478,0.2013,-17.3051,607.5,128.0,KK
SEFERIHISAR,IZMIR,0.2757,0.7242000000000001,0.924,0.4185,3.2808,0.1961,-1.9156,755.1,157.0,KK
SELCUK,IZMIR,0.3215,0.6784,0.69,0.2949,2.9306,0.1887,-23.6935,836.33,122.0,KK
TIRE,IZMIR,0.4172,0.5827,0.5,0.4034,3.2993,0.2038,-29.2986,619.54,123.0,KK
TORBALI,IZMIR,0.4013,0.5986,0.927,0.3395,2.9154,0.2094,-6.963,609.53,363.0,KK
URLA,IZMIR,0.2076,0.7923,1.768,0.475,2.9621,0.2958,4.7115,425.9,114.0,KK
AKYAKA,KARS,0.4747999999999999,0.5251,-0.832,0.2577,3.2764,0.0964,-24.7611,1152.62,19.0,KK
ARPACAY,KARS,0.4999,0.5,-0.943,0.1292,3.4776,0.0524,-47.544,1043.84,13.0,KK
DIGOR,KARS,0.1898999999999999,0.81,-1.164,0.1979,3.6779,0.0405,-41.3513,1004.74,17.0,KK
KAGIZMAN,KARS,0.5103,0.4896,-0.784,0.179,3.6892,0.134,-40.7551,1089.43,23.0,RTE
MERKEZ,KARS,0.3675,0.6324000000000001,0.398,0.3612,3.0333,0.1789,-15.2971,946.83,59.0,KK
SARIKAMIS,KARS,0.638,0.3619,-0.804,0.2356,3.6953,0.1114,-41.5139,1062.39,21.0,RTE
SELIM,KARS,0.5382,0.4617,-0.977,0.1644,3.6603,0.0424,-27.8291,1133.27,21.0,RTE
SUSUZ,KARS,0.3469,0.653,-1.064,0.2115,3.7493,0.082,-32.9342,970.45,14.0,KK
ABANA,KASTAMONU,0.6481999999999999,0.3517,0.084,0.3401,3.6099,0.1531,-28.115,945.71,158.0,RTE
AGLI,KASTAMONU,0.7948999999999999,0.205,-0.503,0.2291,3.3121,0.1268,-19.7652,873.35,14.0,RTE
ARAC,KASTAMONU,0.7101999999999999,0.2897,-0.565,0.267,3.7785,0.1367,-45.4249,766.83,13.0,RTE
AZDAVAY,KASTAMONU,0.6095,0.3903999999999999,-0.453,0.2546,3.3848,0.0808,-20.3783,685.42,10.0,RTE
BOZKURT,KASTAMONU,0.764,0.2359,-0.225,0.3099,3.4845,0.1709,-40.4271,986.08,31.0,RTE
CIDE,KASTAMONU,0.6964,0.3035,-0.533,0.2345,3.7715,0.1168,-28.1672,650.35,35.0,RTE
CATALZEYTIN,KASTAMONU,0.753,0.2469,-0.448,0.249,3.6759,0.1208,-27.1832,802.92,28.0,RTE
DADAY,KASTAMONU,0.6232,0.3767,-0.451,0.2116,3.1686,0.1668,-35.6676,840.42,9.0,RTE
DEVREKANI,KASTAMONU,0.7656000000000001,0.2343,-0.416,0.2934,3.3745,0.1586,-28.8426,944.63,18.0,RTE
DOGANYURT,KASTAMONU,0.8368000000000001,0.1631,-1.113,0.2357,3.5246,0.0785,-41.1836,836.55,27.0,RTE
HANONU,KASTAMONU,0.6724,0.3275,-0.427,0.2005,3.3185,0.1549,-27.6157,781.0,10.0,RTE
IHSANGAZI,KASTAMONU,0.8195,0.1804,-0.49,0.2236,3.9023,0.1016,-25.8059,648.21,12.0,RTE
INEBOLU,KASTAMONU,0.7415,0.2584,-0.236,0.2417,3.5946,0.1627,-27.9973,1071.83,48.0,RTE
MERKEZ,KASTAMONU,0.6317,0.3682,0.892,0.4359,3.5559,0.2569,0.6853,679.98,85.0,RTE
KURE,KASTAMONU,0.7223999999999999,0.2775,-0.564,0.2944,3.8528,0.1054,-29.5508,900.78,13.0,RTE
PINARBASI,KASTAMONU,0.6856,0.3143,-0.63,0.2604,3.7864,0.1563,-46.0898,989.33,11.0,RTE
SEYDILER,KASTAMONU,0.736,0.2639,-0.169,0.3419,3.7563,0.151,-27.1761,967.85,20.0,RTE
SENPAZAR,KASTAMONU,0.7572,0.2427,-0.859,0.2022,3.3603,0.0687,-37.7547,866.68,17.0,RTE
TASKOPRU,KASTAMONU,0.7151000000000001,0.2848,-0.319,0.2995,3.4118,0.0918,-24.7816,678.39,21.0,RTE
TOSYA,KASTAMONU,0.8170999999999999,0.1828,-0.066,0.3626,3.6222,0.1516,-30.8634,640.06,30.0,RTE
AKKISLA,KAYSERI,0.5775,0.4224,-0.812,0.2314,3.9353,0.0684,-26.1876,1132.36,14.0,RTE
BUNYAN,KAYSERI,0.7158,0.2841,-0.379,0.3112,3.2458,0.0871,-43.7975,661.53,26.0,RTE
DEVELI,KAYSERI,0.7717,0.2282,-0.139,0.3475,3.0591,0.1043,-30.7426,981.58,36.0,RTE
FELAHIYE,KAYSERI,0.6542,0.3457,-0.552,0.3151,3.4753,0.0955,-44.2517,653.88,13.0,RTE
HACILAR,KAYSERI,0.8172,0.1827,0.963,0.3645,3.4988,0.2716,-10.8037,909.81,144.0,RTE
INCESU,KAYSERI,0.7302,0.2697,-0.295,0.2812,3.1067,0.1581,-25.8784,734.7,35.0,RTE
KOCASINAN,KAYSERI,0.672,0.3278999999999999,1.558,0.3803,2.7296,0.3097,14.539,693.16,236.0,RTE
MELIKGAZI,KAYSERI,0.6833,0.3166,1.983,0.5595,2.6826,0.3013,11.5752,545.65,893.0,RTE
OZVATAN,KAYSERI,0.7554000000000001,0.2445,-0.325,0.2441,3.5608,0.099,-16.4194,1064.26,15.0,RTE
PINARBASI,KAYSERI,0.6156,0.3843,-0.512,0.2858,3.2533,0.1472,-38.3182,709.65,7.0,RTE
SARIOGLAN,KAYSERI,0.6804000000000001,0.3195,-0.613,0.2606,3.2999,0.0753,-42.1339,983.43,21.0,RTE
SARIZ,KAYSERI,0.5776,0.4222999999999999,-0.67,0.2511,3.2079,0.1363,-40.3911,762.77,12.0,RTE
TALAS,KAYSERI,0.5845,0.4154,0.631,0.4313,3.5514,0.196,-22.1444,722.52,419.0,RTE
TOMARZA,KAYSERI,0.7626000000000001,0.2373,-0.674,0.2251,3.2326,0.1394,-23.4025,797.9,19.0,RTE
YAHYALI,KAYSERI,0.8348,0.1651,-0.395,0.1938,3.7808,0.1382,-24.4417,812.08,34.0,RTE
YESILHISAR,KAYSERI,0.6611,0.3388,-0.209,0.2383,3.5991,0.1539,-27.4431,1074.2,22.0,RTE
BABAESKI,KIRKLARELI,0.2576,0.7423000000000001,0.252,0.2509,3.2991,0.1383,-14.4276,1046.54,71.0,KK
DEMIRKOY,KIRKLARELI,0.4856,0.5143,-0.286,0.2853,3.3187,0.1619,-22.9283,1000.03,9.0,KK
MERKEZ,KIRKLARELI,0.3547,0.6452,0.85,0.3755,3.2741,0.2215,-18.4139,780.11,107.0,KK
KOFCAZ,KIRKLARELI,0.4089,0.591,-0.677,0.2862,3.5456,0.1068,-44.7565,928.73,4.0,KK
LULEBURGAZ,KIRKLARELI,0.2891,0.7108,1.12,0.4724,3.3722,0.2498,-14.3234,661.01,155.0,KK
PEHLIVANKOY,KIRKLARELI,0.3015,0.6984,-0.387,0.2271,3.6272,0.1285,-28.2464,1115.34,32.0,KK
PINARHISAR,KIRKLARELI,0.3593,0.6406000000000001,0.002,0.2809,3.6814,0.1543,-12.6788,952.3,34.0,KK
VIZE,KIRKLARELI,0.3372,0.6627,-0.032,0.2631,3.5183,0.1625,-12.6774,649.34,25.0,KK
AKCAKENT,KIRSEHIR,0.7996,0.2003,-0.816,0.2543,4.0198,0.1053,-37.2144,777.86,9.0,RTE
AKPINAR,KIRSEHIR,0.6356,0.3643,-0.596,0.2639,3.3738,0.0949,-26.5816,994.74,12.0,RTE
BOZTEPE,KIRSEHIR,0.4345,0.5654,-0.584,0.2402,3.2497,0.0859,-48.9947,726.93,13.0,KK
CICEKDAGI,KIRSEHIR,0.7219,0.278,-0.697,0.1675,3.4361,0.1422,-47.1792,1042.06,16.0,RTE
KAMAN,KIRSEHIR,0.5868,0.4131,-0.126,0.27,3.5721,0.0993,-13.2589,792.44,26.0,RTE
MERKEZ,KIRSEHIR,0.5437,0.4562,0.686,0.3648,3.1822,0.2285,-24.0786,779.15,102.0,RTE
MUCUR,KIRSEHIR,0.626,0.3739,-0.281,0.26,3.2539,0.0842,-23.7823,764.29,19.0,RTE
BASISKELE,KOCAELI,0.644,0.3559,1.562,0.416,2.9429,0.2563,10.5422,843.85,598.0,RTE
CAYIROVA,KOCAELI,0.5875,0.4124,0.962,0.414,3.1021,0.2292,-9.7293,529.91,5431.0,RTE
DARICA,KOCAELI,0.5568,0.4431,0.603,0.348,3.3902,0.1835,-16.4236,970.87,10063.0,RTE
DERINCE,KOCAELI,0.5423,0.4576,0.68,0.2906,3.4004,0.1631,-3.2811,993.47,2418.0,RTE
DILOVASI,KOCAELI,0.5638000000000001,0.4361,0.665,0.2937,3.1909,0.1766,-1.9339,513.02,2877.0,RTE
GEBZE,KOCAELI,0.5995,0.4004,2.334,0.5316,2.9335,0.3443,10.6782,450.56,978.0,RTE
GOLCUK,KOCAELI,0.5616,0.4382999999999999,0.892,0.4366,3.3688,0.256,-20.4936,640.23,844.0,RTE
IZMIT,KOCAELI,0.5139,0.486,2.023,0.4452,3.2095,0.297,12.9144,551.61,1040.0,RTE
KANDIRA,KOCAELI,0.6731999999999999,0.3267,-0.235,0.1999,3.6487,0.1792,-23.2856,1067.07,62.0,RTE
KARAMURSEL,KOCAELI,0.5806,0.4193,0.328,0.2757,2.9775,0.1633,-4.4964,837.41,256.0,RTE
KARTEPE,KOCAELI,0.611,0.3889,0.837,0.357,3.0501,0.2364,-21.4328,742.52,472.0,RTE
KORFEZ,KOCAELI,0.5426,0.4573,0.55,0.4122,3.0576,0.1723,-22.3614,970.53,596.0,RTE
AHIRLI,KONYA,0.7484000000000001,0.2515,-0.907,0.1812,3.5972,0.0563,-51.9417,1135.14,10.0,RTE
AKOREN,KONYA,0.8144,0.1855,-0.672,0.2675,3.5639,0.0669,-46.2832,719.26,13.0,RTE
AKSEHIR,KONYA,0.6302,0.3697,0.372,0.2519,3.4363,0.1835,-21.0799,635.94,105.0,RTE
ALTINEKIN,KONYA,0.8515999999999999,0.1483,-0.641,0.2906,3.9014,0.078,-43.0503,1112.93,11.0,RTE
BEYSEHIR,KONYA,0.7223999999999999,0.2775,0.369,0.3371,3.2473,0.1783,-18.8029,595.83,39.0,RTE
BOZKIR,KONYA,0.7648,0.2351,-0.574,0.2219,3.1874,0.0794,-48.259,941.41,23.0,RTE
CIHANBEYLI,KONYA,0.5554,0.4445,-0.159,0.2896,3.8208,0.1413,-15.769,803.56,78.0,RTE
CELTIK,KONYA,0.7178,0.2821,-0.544,0.2997,3.9351,0.1153,-23.9951,1111.01,3.0,RTE
CUMRA,KONYA,0.8059000000000001,0.1939999999999999,-0.233,0.2549,3.5424,0.159,-41.9346,647.98,33.0,RTE
DERBENT,KONYA,0.7304,0.2695,-0.936,0.2113,3.4171,0.1357,-35.9705,966.95,11.0,RTE
DEREBUCAK,KONYA,0.7143999999999999,0.2855,-0.621,0.2625,3.835,0.1528,-38.2139,831.6,12.0,RTE
DOGANHISAR,KONYA,0.679,0.3209,-0.616,0.2615,3.4516,0.157,-29.6559,1039.25,30.0,RTE
EMIRGAZI,KONYA,0.6648999999999999,0.335,-0.733,0.2685,3.8303,0.1389,-44.1393,711.28,10.0,RTE
EREGLI,KONYA,0.5760000000000001,0.4239,0.453,0.3594,2.9981,0.1736,-22.1111,951.55,71.0,RTE
GUNEYSINIR,KONYA,0.8955,0.1043999999999999,-0.621,0.187,3.9433,0.0796,-32.3703,717.77,19.0,RTE
HADIM,KONYA,0.7284999999999999,0.2714,-0.681,0.2047,3.7084,0.1273,-39.1983,835.98,9.0,RTE
HALKAPINAR,KONYA,0.7585,0.2414,-0.765,0.1824,3.7497,0.0731,-50.092,977.44,7.0,RTE
HUYUK,KONYA,0.667,0.3329,-0.506,0.1841,3.906,0.1457,-25.7686,864.5,34.0,RTE
ILGIN,KONYA,0.7053,0.2946,-0.121,0.2291,3.8342,0.131,-30.2153,1066.7,33.0,RTE
KADINHANI,KONYA,0.8306999999999999,0.1692,-0.526,0.1873,3.5861,0.0858,-34.2947,840.95,20.0,RTE
KARAPINAR,KONYA,0.7086,0.2913,-0.161,0.2573,3.7017,0.1807,-28.9983,988.95,20.0,RTE
KARATAY,KONYA,0.8218000000000001,0.1780999999999999,1.481,0.4213,2.6419,0.2895,0.5937,644.37,136.0,RTE
KULU,KONYA,0.6609,0.3389999999999999,-0.125,0.2503,3.7831,0.1912,-37.8966,937.56,23.0,RTE
MERAM,KONYA,0.7894,0.2105,1.053,0.3888,3.4508,0.1961,-9.5671,662.52,191.0,RTE
SARAYONU,KONYA,0.8345,0.1654,-0.386,0.2299,3.7688,0.1124,-25.4473,791.96,18.0,RTE
SELCUKLU,KONYA,0.7132999999999999,0.2866,2.562,0.4872,2.8134,0.3494,15.4952,759.67,363.0,RTE
SEYDISEHIR,KONYA,0.6007,0.3992,0.228,0.3664,3.4327,0.127,-16.8635,675.79,45.0,RTE
TASKENT,KONYA,0.7047,0.2952,-0.71,0.172,3.835,0.0767,-44.472,817.41,13.0,RTE
TUZLUKCU,KONYA,0.6,0.3999,-0.686,0.2098,3.4877,0.1416,-46.8909,747.12,9.0,RTE
YALIHUYUK,KONYA,0.7844,0.2155,-0.682,0.1804,3.2986,0.139,-28.3767,939.43,18.0,RTE
YUNAK,KONYA,0.7526,0.2473,-0.559,0.2165,3.5639,0.0974,-27.4281,1147.86,10.0,RTE
ALTINTAS,KUTAHYA,0.7533,0.2466,-0.516,0.2903,3.46,0.165,-45.6045,813.58,16.0,RTE
ASLANAPA,KUTAHYA,0.8679000000000001,0.132,-0.782,0.1945,3.5911,0.0728,-26.9609,1078.54,11.0,RTE
CAVDARHISAR,KUTAHYA,0.6967,0.3032,-0.562,0.315,3.3331,0.158,-32.3036,710.75,9.0,RTE
DOMANIC,KUTAHYA,0.6929000000000001,0.307,-0.483,0.2324,3.5883,0.0907,-33.0291,781.51,15.0,RTE
DUMLUPINAR,KUTAHYA,0.6944,0.3055,-0.226,0.3216,3.5664,0.1737,-37.4075,625.43,11.0,RTE
EMET,KUTAHYA,0.7589,0.241,-0.299,0.3342,3.4013,0.1745,-19.243,845.75,18.0,RTE
GEDIZ,KUTAHYA,0.6970000000000001,0.3029,-0.083,0.2263,3.6299,0.1214,-11.505,647.89,41.0,RTE
HISARCIK,KUTAHYA,0.7234,0.2764999999999999,-0.514,0.2506,3.5291,0.1343,-26.6479,1109.74,23.0,RTE
MERKEZ,KUTAHYA,0.6844,0.3155,1.23,0.4813,3.4749,0.2908,-8.159,910.55,234.0,RTE
PAZARLAR,KUTAHYA,0.7706000000000001,0.2293,-0.592,0.2159,3.8332,0.1394,-38.598,658.76,17.0,RTE
SIMAV,KUTAHYA,0.7064,0.2935,-0.027,0.2569,3.8201,0.124,-18.4634,785.3,39.0,RTE
SAPHANE,KUTAHYA,0.7084,0.2915,-0.516,0.1991,3.1806,0.1518,-43.2555,830.03,15.0,RTE
TAVSANLI,KUTAHYA,0.7284999999999999,0.2714,0.309,0.2723,3.217,0.2099,-23.0154,686.31,53.0,RTE
AKCADAG,MALATYA,0.5975,0.4024,-0.514,0.2918,3.4211,0.0855,-31.9787,1068.05,26.0,RTE
ARAPGIR,MALATYA,0.5710999999999999,0.4288,-0.393,0.2207,3.6632,0.1218,-36.8199,896.47,10.0,RTE
ARGUVAN,MALATYA,0.2079,0.792,-0.877,0.19,3.4634,0.1151,-29.6361,697.46,7.0,KK
BATTALGAZI,MALATYA,0.7926000000000001,0.2073,0.813,0.4267,3.3239,0.1984,-23.2725,842.24,507.0,RTE
DARENDE,MALATYA,0.8233,0.1766,-0.43,0.2722,3.1529,0.133,-29.5973,885.36,18.0,RTE
DOGANSEHIR,MALATYA,0.5979,0.402,-0.59,0.309,3.7084,0.0758,-48.3058,1025.27,18.0,RTE
DOGANYOL,MALATYA,0.8247,0.1752,-0.973,0.1477,3.4929,0.1198,-43.3023,1180.44,21.0,RTE
HEKIMHAN,MALATYA,0.4477,0.5522,-0.606,0.2074,3.7709,0.0975,-36.9117,735.82,10.0,KK
KALE,MALATYA,0.8984000000000001,0.1015,-0.717,0.2351,3.8749,0.0706,-50.6409,690.98,36.0,RTE
KULUNCAK,MALATYA,0.6705,0.3293999999999999,-0.873,0.2454,3.4635,0.0795,-26.0411,977.24,11.0,RTE
PUTURGE,MALATYA,0.8373,0.1626,-1.097,0.246,3.467,0.1022,-58.2972,723.09,13.0,RTE
YAZIHAN,MALATYA,0.6617000000000001,0.3382,-0.696,0.2118,3.3447,0.1276,-26.9686,1120.23,24.0,RTE
YESILYURT,MALATYA,0.7051999999999999,0.2946999999999999,1.023,0.4073,3.5045,0.2079,6.9793,762.08,303.0,RTE
AHMETLI,MANISA,0.5357999999999999,0.4640999999999999,-0.292,0.2951,3.4787,0.1542,-40.0731,843.37,77.0,RTE
AKHISAR,MANISA,0.48,0.5199,0.543,0.3452,3.1115,0.1797,-7.4884,697.46,110.0,KK
ALASEHIR,MANISA,0.508,0.4919,0.038,0.376,3.258,0.2001,-26.5806,976.88,109.0,RTE
DEMIRCI,MANISA,0.7152,0.2847,-0.192,0.301,3.5403,0.1746,-28.757,914.57,27.0,RTE
GOLMARMARA,MANISA,0.4296999999999999,0.5702,-0.543,0.2606,3.9537,0.1469,-43.88,920.22,49.0,KK
GORDES,MANISA,0.6548,0.3450999999999999,-0.362,0.1971,3.2533,0.1194,-37.8009,936.35,29.0,RTE
KIRKAGAC,MANISA,0.6896,0.3103,-0.219,0.204,3.8748,0.0928,-32.992,989.48,70.0,RTE
KOPRUBASI,MANISA,0.5779,0.422,-0.412,0.1914,3.8532,0.0757,-36.9103,1089.46,28.0,RTE
KULA,MANISA,0.6076,0.3923,-0.119,0.2088,3.3341,0.1394,-12.6329,1089.55,44.0,RTE
SALIHLI,MANISA,0.4206,0.5793,0.616,0.3371,3.6079,0.1858,-11.6211,972.59,122.0,KK
SARIGOL,MANISA,0.4314,0.5685,-0.3,0.3183,3.1079,0.0914,-14.5466,664.19,81.0,KK
SARUHANLI,MANISA,0.4559,0.544,-0.192,0.2916,3.1198,0.155,-12.7004,629.37,75.0,KK
SELENDI,MANISA,0.6738,0.3261,-0.528,0.1907,3.161,0.1188,-37.5648,1115.5,26.0,RTE
SOMA,MANISA,0.5558,0.4440999999999999,0.416,0.3294,3.09,0.1366,-15.2132,869.29,135.0,RTE
SEHZADELER,MANISA,0.4807,0.5192,0.797,0.3894,3.5274,0.2225,-7.3681,850.5,323.0,KK
TURGUTLU,MANISA,0.5071,0.4928,0.489,0.3422,3.309,0.2034,-8.5045,893.42,325.0,RTE
YUNUSEMRE,MANISA,0.4612,0.5387,1.581,0.3704,2.6988,0.2248,6.5931,760.1,327.0,KK
AFSIN,KAHRAMANMARAS,0.7426,0.2573,-0.307,0.3418,3.7496,0.1802,-37.9752,1082.63,53.0,RTE
ANDIRIN,KAHRAMANMARAS,0.6947,0.3051999999999999,-0.718,0.2744,3.9101,0.0743,-28.7046,998.91,27.0,RTE
CAGLAYANCERIT,KAHRAMANMARAS,0.6625,0.3374,-0.84,0.2511,3.7702,0.0738,-35.8445,813.95,48.0,RTE
DULKADIROGLU,KAHRAMANMARAS,0.8343,0.1656,0.595,0.3376,3.3131,0.2293,-17.0437,786.43,185.0,RTE
EKINOZU,KAHRAMANMARAS,0.6762999999999999,0.3236,-0.92,0.1516,3.9744,0.133,-38.1062,776.82,15.0,RTE
ELBISTAN,KAHRAMANMARAS,0.6758,0.3240999999999999,0.13,0.3517,3.7771,0.2034,-18.7985,671.5,59.0,RTE
GOKSUN,KAHRAMANMARAS,0.7545999999999999,0.2453,-0.502,0.2935,3.2578,0.1171,-19.9035,956.01,26.0,RTE
NURHAK,KAHRAMANMARAS,0.3575,0.6424,-0.661,0.2865,3.8418,0.1318,-25.1645,957.99,12.0,KK
ONIKISUBAT,KAHRAMANMARAS,0.7883,0.2116,0.686,0.2869,3.3167,0.1947,-8.0383,710.52,180.0,RTE
PAZARCIK,KAHRAMANMARAS,0.5622,0.4377,-0.388,0.2113,3.2395,0.0847,-17.6096,655.36,54.0,RTE
TURKOGLU,KAHRAMANMARAS,0.8186,0.1813,-0.477,0.2859,3.7882,0.1076,-44.6488,777.44,118.0,RTE
ARTUKLU,MARDIN,0.5157,0.4842,0.311,0.3431,2.9768,0.1476,-12.0761,708.66,223.0,RTE
DARGECIT,MARDIN,0.3177,0.6822,-0.866,0.1772,3.4795,0.0578,-41.1604,705.79,51.0,KK
DERIK,MARDIN,0.2123,0.7876000000000001,-1.085,0.1597,4.0191,0.037,-54.3685,1011.7,45.0,KK
KIZILTEPE,MARDIN,0.2032999999999999,0.7966,-0.201,0.3412,3.1669,0.1293,-41.2409,1002.11,213.0,KK
MAZIDAGI,MARDIN,0.2448,0.7551000000000001,-1.019,0.2578,3.9969,0.1025,-30.2039,757.21,43.0,KK
MIDYAT,MARDIN,0.5599000000000001,0.44,-0.36,0.1855,3.513,0.0898,-42.0331,940.91,78.0,RTE
NUSAYBIN,MARDIN,0.1626,0.8373,-0.395,0.2775,3.381,0.1165,-29.6403,1004.48,116.0,KK
OMERLI,MARDIN,0.5763,0.4236,-0.858,0.1848,4.0116,0.1024,-25.2299,1095.92,32.0,RTE
SAVUR,MARDIN,0.4972999999999999,0.5025999999999999,-1.187,0.1734,3.5257,0.0376,-51.0021,1118.16,25.0,KK
YESILLI,MARDIN,0.7658,0.2341,-0.936,0.2229,3.295,0.1079,-47.3522,843.43,65.0,RTE
BODRUM,MUGLA,0.2135,0.7864,2.483,0.5899,3.0905,0.3752,27.6525,711.16,309.0,KK
DALAMAN,MUGLA,0.3864,0.6135,0.548,0.3114,3.6777,0.2202,-1.7241,598.48,80.0,KK
DATCA,MUGLA,0.2373,0.7626000000000001,0.923,0.3629,3.2585,0.2356,0.8419,779.39,59.0,KK
FETHIYE,MUGLA,0.3840999999999999,0.6158,1.522,0.5214,3.2701,0.2553,-9.1758,799.0,85.0,KK
KAVAKLIDERE,MUGLA,0.6013000000000001,0.3986,-0.34,0.2772,3.7256,0.122,-22.3782,936.47,28.0,RTE
KOYCEGIZ,MUGLA,0.4252,0.5747,0.205,0.3175,3.5479,0.1703,-13.213,1044.78,23.0,KK
MARMARIS,MUGLA,0.2855999999999999,0.7143,1.671,0.4885,3.3069,0.3098,12.8116,514.11,323.0,KK
MENTESE,MUGLA,0.308,0.6919,1.555,0.4814,3.3367,0.3058,4.6271,566.29,78.0,KK
MILAS,MUGLA,0.3188,0.6811,0.681,0.4349,3.2547,0.2493,-22.1351,624.47,75.0,KK
ORTACA,MUGLA,0.3290999999999999,0.6708,0.884,0.3921,3.3309,0.229,5.896,895.51,194.0,KK
SEYDIKEMER,MUGLA,0.5836,0.4163,-0.505,0.247,3.6007,0.16,-37.9458,1029.5,30.0,RTE
ULA,MUGLA,0.3566,0.6433,0.355,0.305,3.315,0.2101,-29.779,583.21,56.0,KK
YATAGAN,MUGLA,0.3856,0.6143,0.17,0.2586,3.7115,0.1703,-32.9155,988.55,38.0,KK
BULANIK,MUS,0.2076,0.7923,-1.036,0.143,3.56,0.0414,-28.9458,950.94,37.0,KK
HASKOY,MUS,0.7953,0.2046,-1.032,0.1763,3.4618,0.0611,-44.031,797.58,107.0,RTE
KORKUT,MUS,0.3134,0.6865000000000001,-1.22,0.1693,4.0841,0.0586,-54.294,1120.61,31.0,KK
MALAZGIRT,MUS,0.2242,0.7757,-1.027,0.2202,3.6626,0.0486,-28.8115,940.69,37.0,KK
MERKEZ,MUS,0.5365,0.4634,-0.303,0.2018,3.5224,0.1018,-38.3597,727.72,142.0,RTE
VARTO,MUS,0.1077999999999999,0.8920999999999999,-0.844,0.1666,3.3001,0.078,-39.5337,688.57,21.0,KK
ACIGOL,NEVSEHIR,0.8931999999999999,0.1067,-0.746,0.2571,3.8011,0.0754,-26.3877,1059.33,74.0,RTE
AVANOS,NEVSEHIR,0.5600999999999999,0.4397999999999999,-0.044,0.242,3.7267,0.1848,-28.5147,816.52,32.0,RTE
DERINKUYU,NEVSEHIR,0.6836,0.3162999999999999,-0.615,0.3114,3.9286,0.1556,-39.5835,1130.72,45.0,RTE
GULSEHIR,NEVSEHIR,0.7119,0.288,-0.385,0.2447,3.3597,0.0774,-24.7234,913.78,22.0,RTE
HACIBEKTAS,NEVSEHIR,0.3242,0.6757,-0.211,0.3336,3.5791,0.1449,-33.6559,846.7,16.0,KK
KOZAKLI,NEVSEHIR,0.5799,0.42,-0.13,0.2605,3.0583,0.1698,-19.8696,1057.5,18.0,RTE
MERKEZ,NEVSEHIR,0.7026,0.2973,1.082,0.34,3.2177,0.2415,-8.9054,464.49,234.0,RTE
URGUP,NEVSEHIR,0.6065999999999999,0.3933,0.527,0.3603,3.3928,0.1527,-29.1258,552.17,70.0,RTE
ALTUNHISAR,NIGDE,0.7937000000000001,0.2062,-0.975,0.1861,3.7834,0.1196,-52.0254,1037.33,21.0,RTE
BOR,NIGDE,0.64,0.3599,0.116,0.2587,3.1735,0.1169,-13.6193,596.6,41.0,RTE
CAMARDI,NIGDE,0.7517,0.2482,-0.733,0.2973,3.9609,0.0678,-43.8734,959.18,10.0,RTE
CIFTLIK,NIGDE,0.615,0.3849,-0.977,0.2127,3.4139,0.1026,-40.8315,923.09,64.0,RTE
MERKEZ,NIGDE,0.6089,0.391,0.575,0.3473,3.3587,0.2007,-10.9074,912.33,107.0,RTE
ULUKISLA,NIGDE,0.5253,0.4746,-0.314,0.2946,3.9005,0.1154,-24.6671,825.53,13.0,RTE
AKKUS,ORDU,0.7940999999999999,0.2057999999999999,-1.012,0.1456,3.5366,0.0549,-46.9159,831.87,22.0,RTE
ALTINORDU,ORDU,0.5311,0.4688,1.121,0.3555,3.392,0.237,4.0849,717.03,450.0,RTE
AYBASTI,ORDU,0.7770999999999999,0.2228,-0.464,0.2933,3.4396,0.1148,-43.1788,907.1,48.0,RTE
CAMAS,ORDU,0.7426999999999999,0.2572,-0.776,0.2914,3.3122,0.0492,-48.324,709.17,110.0,RTE
CATALPINAR,ORDU,0.8806,0.1193,-0.854,0.2775,3.4824,0.0448,-31.4342,1124.95,129.0,RTE
CAYBASI,ORDU,0.8395,0.1604,-0.932,0.2214,3.8083,0.0617,-28.8176,831.38,91.0,RTE
FATSA,ORDU,0.6319,0.368,0.363,0.357,3.3877,0.1638,-11.1905,784.24,248.0,RTE
GOLKOY,ORDU,0.6631,0.3368,-0.61,0.25,3.8247,0.0704,-36.0819,1089.73,57.0,RTE
GULYALI,ORDU,0.5371,0.4628,-0.145,0.3203,3.1349,0.1765,-20.3233,928.64,98.0,RTE
GURGENTEPE,ORDU,0.5262,0.4736999999999999,-0.859,0.2818,3.9056,0.0833,-48.614,1059.5,92.0,RTE
IKIZCE,ORDU,0.7787999999999999,0.2211,-0.979,0.1539,3.9628,0.0883,-31.3818,1177.3,89.0,RTE
KABADUZ,ORDU,0.7368000000000001,0.2631,-0.744,0.1794,3.862,0.1287,-37.5884,896.99,23.0,RTE
KABATAS,ORDU,0.7643000000000001,0.2355999999999999,-0.805,0.276,3.7475,0.1457,-24.9118,1045.7,140.0,RTE
KORGAN,ORDU,0.8420000000000001,0.1578999999999999,-0.704,0.1631,3.8982,0.0781,-40.7193,950.95,104.0,RTE
KUMRU,ORDU,0.867,0.1329,-0.606,0.2569,3.8489,0.1517,-34.7622,1006.37,54.0,RTE
MESUDIYE,ORDU,0.7038,0.2961,-0.842,0.2376,3.4202,0.1412,-48.9147,885.29,12.0,RTE
PERSEMBE,ORDU,0.5425,0.4574,-0.418,0.2109,3.1859,0.1528,-32.2142,841.12,129.0,RTE
ULUBEY,ORDU,0.6551,0.3448,-0.73,0.2843,3.342,0.1465,-28.7324,977.17,65.0,RTE
UNYE,ORDU,0.7258,0.2741,0.266,0.2849,3.4563,0.1936,-24.2081,656.07,244.0,RTE
ARDESEN,RIZE,0.6892,0.3107,0.078,0.3012,3.5963,0.167,-23.6116,963.68,57.0,RTE
CAMLIHEMSIN,RIZE,0.7409,0.259,-0.287,0.2853,3.769,0.1617,-29.2642,1078.5,8.0,RTE
CAYELI,RIZE,0.8319,0.168,0.054,0.2598,3.5208,0.1381,-20.9204,602.46,89.0,RTE
DEREPAZARI,RIZE,0.8408,0.1591,-0.37,0.2709,3.4512,0.1166,-39.9392,678.11,248.0,RTE
FINDIKLI,RIZE,0.5102,0.4896999999999999,0.018,0.3437,3.7901,0.2022,-17.4769,764.04,42.0,RTE
GUNEYSU,RIZE,0.8765000000000001,0.1234,-0.195,0.207,3.1212,0.148,-27.0086,863.95,93.0,RTE
HEMSIN,RIZE,0.653,0.3469,-0.27,0.3268,3.235,0.1795,-31.4521,717.77,17.0,RTE
IKIZDERE,RIZE,0.8832,0.1167,-0.5,0.2717,3.6566,0.0679,-25.2815,786.8,8.0,RTE
IYIDERE,RIZE,0.8612000000000001,0.1387,-0.187,0.2226,3.0768,0.116,-19.4019,632.99,308.0,RTE
KALKANDERE,RIZE,0.8349,0.165,-0.453,0.2954,3.7114,0.1317,-26.1909,1061.2,129.0,RTE
PAZAR,RIZE,0.6466,0.3533,0.199,0.3093,3.7287,0.1674,-26.0501,635.96,81.0,RTE
MERKEZ,RIZE,0.7763,0.2236,1.079,0.3468,3.0422,0.2125,-17.2551,811.97,680.0,RTE
ADAPAZARI,SAKARYA,0.6329,0.367,1.392,0.3796,3.3702,0.2201,7.3391,597.27,881.0,RTE
AKYAZI,SAKARYA,0.8156,0.1843,0.153,0.2906,3.57,0.2094,-9.0795,1046.21,146.0,RTE
ARIFIYE,SAKARYA,0.7136,0.2863,1.148,0.3272,3.3891,0.2734,6.074,906.88,706.0,RTE
ERENLER,SAKARYA,0.7304999999999999,0.2694,0.69,0.4065,3.0313,0.1801,-3.5549,853.02,451.0,RTE
FERIZLI,SAKARYA,0.7204999999999999,0.2794,-0.139,0.2909,3.5346,0.1387,-14.6925,953.61,202.0,RTE
GEYVE,SAKARYA,0.7222,0.2777,-0.043,0.2406,3.6171,0.1047,-34.4043,616.97,81.0,RTE
HENDEK,SAKARYA,0.7291,0.2708,0.328,0.2862,3.3196,0.182,-9.4732,914.3,164.0,RTE
KARAPURCEK,SAKARYA,0.7996,0.2003,-0.453,0.2599,3.1535,0.112,-38.1318,737.24,97.0,RTE
KARASU,SAKARYA,0.6792,0.3207,0.159,0.2681,3.7017,0.1259,-15.5551,1001.34,174.0,RTE
KAYNARCA,SAKARYA,0.7981,0.2018,-0.351,0.2526,3.633,0.1028,-44.0593,770.44,67.0,RTE
KOCAALI,SAKARYA,0.7221,0.2778,-0.253,0.3245,3.6743,0.1164,-24.4406,957.28,82.0,RTE
PAMUKOVA,SAKARYA,0.7212999999999999,0.2786,-0.024,0.3052,3.2688,0.1186,-36.939,843.35,107.0,RTE
SAPANCA,SAKARYA,0.6329,0.367,0.695,0.4219,3.4151,0.2496,-22.4297,725.26,284.0,RTE
SERDIVAN,SAKARYA,0.5778,0.4221,1.527,0.3902,2.8221,0.2215,0.9823,875.7,1260.0,RTE
SOGUTLU,SAKARYA,0.67,0.3299,-0.077,0.2763,3.2696,0.1691,-10.7954,972.82,108.0,RTE
TARAKLI,SAKARYA,0.8075,0.1924,-0.437,0.1739,3.6393,0.0838,-44.0009,706.96,24.0,RTE
ONDOKUZMAYIS,SAMSUN,0.7705,0.2294,-0.137,0.3119,3.5769,0.1096,-13.1472,977.23,107.0,RTE
ALACAM,SAMSUN,0.6464,0.3535,-0.417,0.2386,3.7315,0.1267,-16.8638,947.13,40.0,RTE
ASARCIK,SAMSUN,0.8672,0.1326999999999999,-0.745,0.2206,3.565,0.1031,-24.3741,753.32,60.0,RTE
ATAKUM,SAMSUN,0.4497,0.5502,1.734,0.5197,2.6611,0.2708,-5.009,573.25,2725.0,KK
AYVACIK,SAMSUN,0.8737,0.1261999999999999,-0.784,0.1868,3.3805,0.1085,-38.2743,1146.24,54.0,RTE
BAFRA,SAMSUN,0.6807,0.3192,0.256,0.3199,2.9666,0.1382,-11.9283,665.38,96.0,RTE
CANIK,SAMSUN,0.7363,0.2636,0.553,0.3395,3.584,0.1525,-15.67,836.5,572.0,RTE
CARSAMBA,SAMSUN,0.7713,0.2286,-0.015,0.3275,3.7504,0.1838,-21.8133,961.74,145.0,RTE
HAVZA,SAMSUN,0.7155,0.2844,-0.124,0.3091,3.7327,0.152,-32.5216,774.01,46.0,RTE
ILKADIM,SAMSUN,0.5772999999999999,0.4226,1.343,0.3869,3.2478,0.2255,14.2231,495.77,1962.0,RTE
KAVAK,SAMSUN,0.7254999999999999,0.2744,-0.331,0.2983,3.7714,0.1037,-18.3465,685.46,36.0,RTE
LADIK,SAMSUN,0.7170000000000001,0.2829,-0.26,0.2192,3.7179,0.1471,-26.3792,991.9,29.0,RTE
SALIPAZARI,SAMSUN,0.7998000000000001,0.2001,-0.73,0.2833,3.2742,0.0662,-50.6629,851.5,56.0,RTE
TEKKEKOY,SAMSUN,0.6762999999999999,0.3236,0.65,0.2947,3.4369,0.1988,-21.6419,714.68,184.0,RTE
TERME,SAMSUN,0.7724,0.2275,-0.202,0.33,3.1359,0.1408,-34.5002,678.15,125.0,RTE
VEZIRKOPRU,SAMSUN,0.8056,0.1943,-0.537,0.2883,3.4641,0.1182,-19.056,864.12,50.0,RTE
YAKAKENT,SAMSUN,0.6464,0.3535,-0.538,0.3187,3.5638,0.126,-41.696,846.27,186.0,RTE
BAYKAN,SIIRT,0.5004,0.4995,-1.061,0.2369,3.4015,0.0994,-38.3493,837.08,50.0,RTE
ERUH,SIIRT,0.3586,0.6413,-1.098,0.153,4.0453,0.1243,-50.2438,1181.61,18.0,KK
KURTALAN,SIIRT,0.3148,0.6851,-0.746,0.2003,3.485,0.1186,-30.6703,833.55,75.0,KK
PERVARI,SIIRT,0.6021,0.3978,-1.345,0.0879,4.1694,0.0183,-54.8978,1108.72,17.0,RTE
MERKEZ,SIIRT,0.418,0.5819,0.074,0.2408,3.3476,0.1849,-29.3983,1034.55,286.0,KK
SIRVAN,SIIRT,0.77,0.2299,-1.277,0.2447,4.1275,0.0517,-33.1961,884.02,21.0,RTE
TILLO,SIIRT,0.8284999999999999,0.1714,-1.092,0.1714,3.8052,0.0932,-58.5804,771.22,31.0,RTE
AYANCIK,SINOP,0.6262,0.3737,0.146,0.342,3.1681,0.137,-35.1303,767.72,41.0,RTE
BOYABAT,SINOP,0.723,0.2769,-0.003,0.2779,3.0663,0.1752,-21.5199,887.28,34.0,RTE
DIKMEN,SINOP,0.8022,0.1977,-1.014,0.2044,3.6045,0.0963,-44.4247,1115.35,12.0,RTE
DURAGAN,SINOP,0.8473,0.1525999999999999,-0.687,0.148,3.4495,0.1477,-21.6827,846.28,17.0,RTE
ERFELEK,SINOP,0.6048,0.3951,-0.585,0.1813,3.6823,0.128,-39.159,1114.16,31.0,RTE
GERZE,SINOP,0.6181,0.3818,-0.106,0.2799,3.2336,0.1507,-31.872,620.11,51.0,RTE
SARAYDUZU,SINOP,0.7984,0.2014999999999999,-0.751,0.2904,3.6977,0.0622,-49.6476,920.7,23.0,RTE
MERKEZ,SINOP,0.4155,0.5844,0.917,0.3087,3.5195,0.1961,-12.3731,759.9,116.0,KK
TURKELI,SINOP,0.8009999999999999,0.1989,-0.194,0.3144,3.4862,0.179,-39.1604,1085.31,112.0,RTE
AKINCILAR,SIVAS,0.7824,0.2175,-0.511,0.2361,3.2649,0.132,-28.3356,961.92,10.0,RTE
ALTINYAYLA,SIVAS,0.8534999999999999,0.1464,-0.664,0.2418,3.2349,0.1387,-50.2581,1087.7,14.0,RTE
DIVRIGI,SIVAS,0.2966,0.7033,-0.218,0.2346,3.1291,0.1669,-24.7096,705.98,6.0,KK
DOGANSAR,SIVAS,0.9263,0.0736,-0.625,0.2113,3.4561,0.0702,-22.7845,1090.6,6.0,RTE
GEMEREK,SIVAS,0.6167,0.3832,-0.478,0.2256,3.3622,0.1072,-41.6488,1062.26,19.0,RTE
GOLOVA,SIVAS,0.843,0.1568999999999999,-0.594,0.2197,3.9749,0.111,-29.3049,778.39,9.0,RTE
GURUN,SIVAS,0.6989,0.301,-0.475,0.2677,3.1868,0.0811,-18.7837,1039.98,6.0,RTE
HAFIK,SIVAS,0.6122,0.3877,-0.742,0.1821,3.2731,0.0603,-51.0995,1162.62,3.0,RTE
IMRANLI,SIVAS,0.3584,0.6415000000000001,-0.587,0.2651,3.4328,0.0927,-46.9709,984.34,6.0,KK
KANGAL,SIVAS,0.6265999999999999,0.3732999999999999,-0.472,0.1818,3.5886,0.1087,-29.9335,1135.6,5.0,RTE
KOYULHISAR,SIVAS,0.7722,0.2276999999999999,-0.748,0.2617,3.8848,0.1015,-30.8919,759.93,6.0,RTE
MERKEZ,SIVAS,0.7641,0.2357999999999999,1.138,0.4842,3.0957,0.2627,5.5493,677.6,154.0,RTE
SUSEHRI,SIVAS,0.8355,0.1644,-0.28,0.2691,3.2034,0.1099,-23.4276,1055.11,27.0,RTE
SARKISLA,SIVAS,0.7403,0.2596,-0.178,0.2987,3.2472,0.166,-41.9062,916.55,17.0,RTE
ULAS,SIVAS,0.7619,0.238,-0.595,0.2377,3.3682,0.1018,-32.2877,1058.14,11.0,RTE
YILDIZELI,SIVAS,0.7943000000000001,0.2055999999999999,-0.762,0.2569,3.9714,0.0937,-33.8344,785.38,10.0,RTE
ZARA,SIVAS,0.62,0.3799,-0.4,0.2176,3.9251,0.1488,-34.1989,1020.87,9.0,RTE
CERKEZKOY,TEKIRDAG,0.4901,0.5097999999999999,1.034,0.4382,3.3508,0.2054,1.1221,729.64,1766.0,KK
CORLU,TEKIRDAG,0.355,0.6448999999999999,1.577,0.4435,3.38,0.303,13.7697,429.64,587.0,KK
ERGENE,TEKIRDAG,0.4131,0.5868,0.687,0.3688,3.0915,0.1551,-15.5878,513.97,164.0,KK
HAYRABOLU,TEKIRDAG,0.4012,0.5987,-0.182,0.2003,3.5559,0.1165,-40.0042,1062.09,28.0,KK
KAPAKLI,TEKIRDAG,0.5396,0.4603,0.149,0.3746,3.3117,0.1361,-30.6321,669.66,753.0,RTE
MALKARA,TEKIRDAG,0.4286,0.5713,0.068,0.3531,3.1354,0.129,-36.3729,925.44,43.0,KK
MARMARAEREGLISI,TEKIRDAG,0.3654,0.6345000000000001,0.287,0.3466,3.1491,0.1323,-28.541,806.78,73.0,KK
MURATLI,TEKIRDAG,0.3331,0.6668000000000001,0.193,0.3577,3.384,0.1894,-15.3428,791.84,78.0,KK
SARAY,TEKIRDAG,0.3295,0.6704000000000001,0.125,0.3103,3.2147,0.2073,-27.0696,591.02,83.0,KK
SULEYMANPASA,TEKIRDAG,0.361,0.6389,1.314,0.4272,3.2073,0.2276,-10.7733,481.71,211.0,KK
SARKOY,TEKIRDAG,0.3582,0.6417,0.097,0.3699,3.068,0.1552,-12.698,862.38,63.0,KK
ALMUS,TOKAT,0.516,0.4839,-0.626,0.2495,3.3918,0.08,-26.796,1106.97,28.0,RTE
ARTOVA,TOKAT,0.7154,0.2845,-0.583,0.2008,3.3775,0.1168,-43.9134,786.48,16.0,RTE
BASCIFTLIK,TOKAT,0.7206,0.2793,-0.936,0.1923,3.2877,0.0507,-26.1866,1052.58,28.0,RTE
ERBAA,TOKAT,0.7070000000000001,0.2929,-0.097,0.3287,3.054,0.1292,-35.5594,969.6,87.0,RTE
NIKSAR,TOKAT,0.6288,0.3711,-0.169,0.2726,3.4967,0.1742,-13.7967,658.75,72.0,RTE
PAZAR,TOKAT,0.8109000000000001,0.1889999999999999,-0.633,0.3088,3.4754,0.0815,-49.8161,847.53,50.0,RTE
RESADIYE,TOKAT,0.7261,0.2738,-0.657,0.18,3.8308,0.1377,-41.5411,1057.72,35.0,RTE
SULUSARAY,TOKAT,0.8663,0.1336,-0.911,0.1806,3.4804,0.1223,-27.2853,889.15,26.0,RTE
MERKEZ,TOKAT,0.6904,0.3095,1.015,0.4395,3.3283,0.223,-8.2228,838.52,141.0,RTE
TURHAL,TOKAT,0.6142,0.3857,0.037,0.297,3.5414,0.1648,-34.1841,592.69,167.0,RTE
YESILYURT,TOKAT,0.7981999999999999,0.2017,-0.729,0.1686,4.0039,0.1247,-47.7614,1018.49,33.0,RTE
ZILE,TOKAT,0.5302,0.4697,-0.186,0.2874,3.6393,0.1241,-23.1957,1088.89,54.0,RTE
AKCAABAT,TRABZON,0.7021,0.2978,0.405,0.2656,3.3413,0.201,-16.727,553.49,348.0,RTE
ARAKLI,TRABZON,0.8502,0.1497,-0.24,0.2042,3.6764,0.1014,-15.9737,700.83,107.0,RTE
ARSIN,TRABZON,0.8231999999999999,0.1767,-0.083,0.3323,3.1268,0.1524,-17.3172,963.11,202.0,RTE
BESIKDUZU,TRABZON,0.4736999999999999,0.5262,0.17,0.2592,3.0427,0.1836,-34.0456,742.1,278.0,KK
CARSIBASI,TRABZON,0.7375,0.2623999999999999,-0.34,0.3152,3.268,0.1638,-32.7709,888.68,231.0,RTE
CAYKARA,TRABZON,0.7807999999999999,0.2191,-0.023,0.3056,3.6349,0.1485,-39.4922,640.69,24.0,RTE
DERNEKPAZARI,TRABZON,0.8477,0.1522,-0.374,0.2493,3.3038,0.1524,-36.2306,753.66,44.0,RTE
DUZKOY,TRABZON,0.6743000000000001,0.3256,-0.616,0.1857,3.3019,0.1054,-37.7365,835.11,108.0,RTE
HAYRAT,TRABZON,0.9066,0.0933,-0.676,0.2264,3.8262,0.0642,-50.094,834.94,32.0,RTE
KOPRUBASI,TRABZON,0.8698,0.1301,-0.482,0.2692,3.9117,0.1073,-47.0282,986.14,24.0,RTE
MACKA,TRABZON,0.7276,0.2723,-0.15,0.3152,3.1232,0.1777,-36.5584,1084.7,28.0,RTE
OF,TRABZON,0.8432999999999999,0.1566,-0.06,0.2508,3.6808,0.1656,-29.8396,1060.48,170.0,RTE
ORTAHISAR,TRABZON,0.6115999999999999,0.3883,1.807,0.5212,2.8188,0.2565,5.086,792.92,1408.0,RTE
SURMENE,TRABZON,0.7694,0.2305,0.056,0.2458,3.1053,0.189,-25.042,797.24,154.0,RTE
SALPAZARI,TRABZON,0.7490000000000001,0.2509,-0.527,0.1815,3.2168,0.1167,-19.3917,1094.1,69.0,RTE
TONYA,TRABZON,0.6322,0.3677,-0.469,0.2047,3.5879,0.1026,-43.4314,706.77,78.0,RTE
VAKFIKEBIR,TRABZON,0.7101000000000001,0.2898,0.268,0.3302,3.4196,0.1464,-20.0754,951.72,193.0,RTE
YOMRA,TRABZON,0.6986,0.3013,0.48,0.327,3.1751,0.1541,-5.5108,630.95,252.0,RTE
CEMISGEZEK,TUNCELI,0.5293,0.4706,-0.427,0.2029,3.4395,0.1125,-17.7645,804.59,9.0,RTE
HOZAT,TUNCELI,0.1341999999999999,0.8656999999999999,-0.304,0.1994,3.4225,0.1737,-20.5697,1002.83,8.0,KK
MAZGIRT,TUNCELI,0.1352,0.8647,-0.58,0.242,3.2369,0.0798,-45.4145,686.04,10.0,KK
NAZIMIYE,TUNCELI,0.1105,0.8894,-0.744,0.2076,3.5297,0.096,-26.5948,840.61,6.0,KK
OVACIK,TUNCELI,0.0969,0.903,-0.375,0.2405,3.6146,0.1706,-24.9076,969.33,5.0,KK
PERTEK,TUNCELI,0.2341,0.7658,-0.465,0.1784,3.4735,0.1205,-38.4078,766.69,13.0,KK
PULUMUR,TUNCELI,0.1142,0.8856999999999999,-0.492,0.2027,3.3557,0.0803,-34.5596,686.07,3.0,KK
MERKEZ,TUNCELI,0.1235,0.8764,1.084,0.4759,3.194,0.1909,-13.8048,822.99,37.0,KK
AKCAKALE,SANLIURFA,0.9291,0.0708,-1.258,0.1896,4.149,0.0275,-33.5207,819.59,125.0,RTE
BIRECIK,SANLIURFA,0.5801,0.4197999999999999,-0.66,0.169,3.4286,0.0993,-36.8855,878.5,102.0,RTE
BOZOVA,SANLIURFA,0.5884,0.4115,-0.947,0.2387,3.4662,0.0734,-51.6573,836.51,40.0,RTE
CEYLANPINAR,SANLIURFA,0.5313,0.4686,-0.835,0.1637,3.9678,0.0714,-26.8071,893.42,58.0,RTE
EYYUBIYE,SANLIURFA,0.7933,0.2066,-0.568,0.2638,3.2084,0.0698,-40.0053,683.03,249.0,RTE
HALFETI,SANLIURFA,0.4234,0.5765,-0.798,0.2474,3.3055,0.1184,-34.9444,1116.49,71.0,KK
HALILIYE,SANLIURFA,0.7067,0.2932,0.096,0.3541,3.0839,0.1254,-20.3709,1051.23,206.0,RTE
HARRAN,SANLIURFA,0.9534,0.0465,-1.447,0.2045,4.0157,0.0791,-42.613,930.17,111.0,RTE
HILVAN,SANLIURFA,0.5731,0.4268,-0.84,0.2784,3.8787,0.0575,-24.4965,1104.22,38.0,RTE
KARAKOPRU,SANLIURFA,0.6224000000000001,0.3775,0.446,0.4112,3.1318,0.148,-19.5567,625.92,242.0,RTE
SIVEREK,SANLIURFA,0.537,0.4629,-0.797,0.2209,3.2821,0.0842,-32.1896,849.86,70.0,RTE
SURUC,SANLIURFA,0.2919,0.708,-0.91,0.1496,3.6838,0.0515,-44.4191,1075.44,135.0,KK
VIRANSEHIR,SANLIURFA,0.4978,0.5021,-0.803,0.2431,3.8809,0.1125,-29.6683,890.64,93.0,KK
BANAZ,USAK,0.5342,0.4657,-0.264,0.2743,3.3817,0.1175,-29.9374,679.62,43.0,RTE
ESME,USAK,0.4459,0.5539999999999999,-0.172,0.2013,3.4525,0.1271,-13.4453,952.31,42.0,KK
KARAHALLI,USAK,0.5375,0.4624,-0.609,0.2368,3.2303,0.0818,-44.4732,828.82,27.0,RTE
SIVASLI,USAK,0.5139,0.486,-0.434,0.1782,3.7916,0.1602,-23.7374,845.33,48.0,RTE
ULUBEY,USAK,0.4382999999999999,0.5616,-0.261,0.2706,3.3473,0.1685,-16.5782,1070.63,23.0,KK
MERKEZ,USAK,0.5183,0.4816,1.204,0.4077,2.7161,0.2666,6.6886,891.61,209.0,RTE
BAHCESARAY,VAN,0.6038,0.3961,-1.244,0.1395,3.9513,0.0724,-53.3638,928.47,24.0,RTE
BASKALE,VAN,0.2298,0.7701,-1.13,0.2132,3.577,0.0389,-36.7318,1162.52,16.0,KK
CALDIRAN,VAN,0.301,0.6989,-1.22,0.1333,3.601,0.029,-43.4787,733.79,35.0,KK
CATAK,VAN,0.3843999999999999,0.6154999999999999,-1.064,0.1874,3.9892,0.0316,-57.628,1131.81,21.0,KK
EDREMIT,VAN,0.368,0.6319,-0.377,0.2895,3.3414,0.1349,-32.7283,994.54,102.0,KK
ERCIS,VAN,0.4678,0.5321,-0.715,0.1938,3.6664,0.1187,-39.0437,943.44,94.0,KK
GEVAS,VAN,0.5299,0.47,-0.794,0.1685,3.802,0.1,-36.9442,982.07,30.0,RTE
GURPINAR,VAN,0.466,0.5339,-1.116,0.2159,3.8145,0.1109,-31.9355,1081.97,9.0,KK
IPEKYOLU,VAN,0.3853999999999999,0.6145,0.404,0.4042,3.2052,0.1787,-14.804,558.75,942.0,KK
MURADIYE,VAN,0.355,0.6448999999999999,-1.112,0.1682,3.3277,0.0422,-35.892,716.26,29.0,KK
OZALP,VAN,0.1957999999999999,0.8040999999999999,-1.159,0.2028,3.9527,0.0864,-44.1316,1028.99,26.0,KK
SARAY,VAN,0.2829,0.7170000000000001,-1.237,0.1585,4.0723,0.0726,-60.6774,1098.12,18.0,KK
TUSBA,VAN,0.4035,0.5964,-0.19,0.2958,3.5912,0.1472,-23.5838,759.22,108.0,KK
AKDAGMADENI,YOZGAT,0.8120999999999999,0.1878,-0.393,0.2844,3.1791,0.1138,-33.4898,823.96,21.0,RTE
AYDINCIK,YOZGAT,0.8049,0.195,-0.928,0.2413,3.9722,0.1233,-49.2986,832.33,26.0,RTE
BOGAZLIYAN,YOZGAT,0.6332,0.3667,-0.197,0.3503,3.1686,0.1233,-41.8711,648.56,26.0,RTE
CANDIR,YOZGAT,0.6849,0.315,-0.246,0.3446,3.1589,0.1789,-25.1391,1066.92,14.0,RTE
CAYIRALAN,YOZGAT,0.6805,0.3194,-0.398,0.2286,3.8947,0.1573,-18.1045,965.81,14.0,RTE
CEKEREK,YOZGAT,0.7947,0.2052,-0.619,0.1765,3.4718,0.0703,-35.4524,671.31,21.0,RTE
KADISEHRI,YOZGAT,0.8687,0.1311999999999999,-0.847,0.1805,3.7965,0.0433,-34.9504,1066.21,22.0,RTE
SARAYKENT,YOZGAT,0.8948999999999999,0.105,-0.587,0.1865,3.841,0.0825,-45.5141,1042.72,23.0,RTE
SARIKAYA,YOZGAT,0.8362999999999999,0.1636,-0.411,0.2262,3.3405,0.1298,-36.2594,1127.27,22.0,RTE
SORGUN,YOZGAT,0.8295999999999999,0.1703,-0.038,0.2785,3.5523,0.1657,-21.8855,692.25,40.0,RTE
SEFAATLI,YOZGAT,0.6909000000000001,0.309,-0.362,0.2986,3.5287,0.167,-22.5416,727.16,16.0,RTE
YENIFAKILI,YOZGAT,0.5881000000000001,0.4118,-0.352,0.2539,3.4423,0.126,-29.3055,958.38,13.0,RTE
YERKOY,YOZGAT,0.7040000000000001,0.2959,0.079,0.2767,3.6117,0.1734,-21.5457,607.85,38.0,RTE
MERKEZ,YOZGAT,0.7381,0.2618,0.812,0.369,3.4357,0.1662,-10.3577,532.34,96.0,RTE
ALAPLI,ZONGULDAK,0.6512,0.3486999999999999,-0.17,0.2515,3.4995,0.1429,-16.8756,848.33,101.0,RTE
CAYCUMA,ZONGULDAK,0.5544,0.4454999999999999,0.08,0.3746,3.5463,0.1895,-16.0958,774.61,100.0,RTE
DEVREK,ZONGULDAK,0.6417,0.3582,-0.038,0.3201,3.3234,0.1371,-20.8684,1003.86,57.0,RTE
EREGLI,ZONGULDAK,0.5486,0.4513,0.612,0.4202,3.1205,0.1943,-4.2157,963.66,203.0,RTE
GOKCEBEY,ZONGULDAK,0.5482,0.4517,-0.17,0.2875,3.1213,0.1863,-15.6447,798.43,80.0,RTE
KILIMLI,ZONGULDAK,0.5079,0.492,-0.197,0.2406,3.1978,0.1303,-23.0121,640.82,218.0,RTE
KOZLU,ZONGULDAK,0.5399,0.46,0.622,0.2913,3.5035,0.2391,-9.5887,1008.45,299.0,RTE
MERKEZ,ZONGULDAK,0.4700999999999999,0.5297999999999999,1.189,0.3591,3.488,0.2638,-17.7208,674.58,171.0,KK
AGACOREN,AKSARAY,0.8220000000000001,0.1779,-0.563,0.2244,3.242,0.1429,-31.6947,1058.62,19.0,RTE
MERKEZ,AKSARAY,0.7484999999999999,0.2514,0.96,0.341,3.4156,0.2325,-6.7282,789.11,92.0,RTE
ESKIL,AKSARAY,0.8042,0.1957,-0.542,0.205,3.5782,0.099,-23.5199,870.15,16.0,RTE
GULAGAC,AKSARAY,0.7045999999999999,0.2953,-0.688,0.2464,3.2081,0.1391,-24.3858,1102.32,59.0,RTE
GUZELYURT,AKSARAY,0.7626000000000001,0.2373,-0.755,0.262,3.6999,0.0813,-23.0679,786.73,38.0,RTE
ORTAKOY,AKSARAY,0.7829,0.217,-0.212,0.1933,3.4645,0.1579,-19.8109,697.89,43.0,RTE
SARIYAHSI,AKSARAY,0.7209,0.2789999999999999,-0.491,0.2169,3.5281,0.1151,-24.2504,790.61,24.0,RTE
SULTANHANI,AKSARAY,0.7222,0.2777,-0.667,0.2134,3.2063,0.0901,-49.5914,740.46,28.0,RTE
AYDINTEPE,BAYBURT,0.8107,0.1892,-0.598,0.2269,3.2098,0.1285,-46.0099,659.83,14.0,RTE
MERKEZ,BAYBURT,0.8175,0.1823999999999999,0.161,0.2419,3.5287,0.2042,-28.67,895.79,26.0,RTE
DEMIROZU,BAYBURT,0.8869,0.113,-0.724,0.2215,3.4596,0.1016,-40.2797,687.78,14.0,RTE
AYRANCI,KARAMAN,0.6252,0.3747,-0.683,0.305,3.6861,0.1332,-40.7734,843.85,3.0,RTE
BASYAYLA,KARAMAN,0.7934,0.2065,-0.528,0.1741,3.6108,0.124,-28.3569,1103.2,23.0,RTE
ERMENEK,KARAMAN,0.5692,0.4307,-0.275,0.2969,3.5595,0.1199,-16.904,770.84,23.0,RTE
MERKEZ,KARAMAN,0.6762,0.3237,0.761,0.4085,3.55,0.1579,-16.7102,669.12,51.0,RTE
KAZIMKARABEKIR,KARAMAN,0.7295,0.2704,0.022,0.3592,3.5042,0.1901,-10.0727,753.5,11.0,RTE
SARIVELILER,KARAMAN,0.5309,0.469,-0.631,0.2303,3.4494,0.0787,-46.5564,992.76,20.0,RTE
BAHSILI,KIRIKKALE,0.7111,0.2888,-0.005,0.3301,3.5907,0.1776,-9.325,651.99,26.0,RTE
BALISEYH,KIRIKKALE,0.6365,0.3634,-0.527,0.3187,3.5821,0.1609,-21.9179,981.27,10.0,RTE
CELEBI,KIRIKKALE,0.7173,0.2826,-0.608,0.2946,3.3217,0.1228,-29.6491,866.61,11.0,RTE
DELICE,KIRIKKALE,0.6616,0.3383,-0.567,0.2236,3.421,0.1047,-25.753,999.98,13.0,RTE
KARAKECILI,KIRIKKALE,0.8151999999999999,0.1846999999999999,-0.423,0.3013,3.5526,0.1721,-43.2664,733.04,12.0,RTE
KESKIN,KIRIKKALE,0.7188,0.2811,-0.48,0.1758,3.6258,0.0809,-34.4391,771.01,14.0,RTE
MERKEZ,KIRIKKALE,0.6358,0.3641,0.726,0.3215,2.9722,0.1743,-24.4274,943.56,370.0,RTE
SULAKYURT,KIRIKKALE,0.5953,0.4046,-0.809,0.2473,4.0,0.1024,-33.4177,957.98,9.0,RTE
YAHSIHAN,KIRIKKALE,0.5503,0.4496,1.778,0.4396,3.278,0.2847,0.0053,876.66,231.0,RTE
MERKEZ,BATMAN,0.2817,0.7182,0.367,0.2686,3.2779,0.1652,-30.6601,1024.86,775.0,KK
BESIRI,BATMAN,0.3608,0.6391,-0.792,0.1765,3.7388,0.0897,-52.6328,855.18,40.0,KK
GERCUS,BATMAN,0.5393,0.4606,-0.962,0.1848,3.3059,0.0735,-46.4376,1002.66,22.0,RTE
HASANKEYF,BATMAN,0.5008,0.4991,-0.697,0.3035,3.9251,0.0875,-40.2722,1108.43,25.0,RTE
KOZLUK,BATMAN,0.3668,0.6331,-0.885,0.231,3.3286,0.0836,-52.3546,890.13,54.0,KK
SASON,BATMAN,0.6201,0.3797999999999999,-1.063,0.1584,3.6925,0.0654,-52.1686,1118.03,41.0,RTE
BEYTUSSEBAP,SIRNAK,0.3468,0.6531,-0.723,0.2407,3.8532,0.0651,-37.7941,873.24,6.0,KK
CIZRE,SIRNAK,0.1632,0.8367,-0.475,0.289,3.8452,0.0801,-19.4779,967.7,359.0,KK
GUCLUKONAK,SIRNAK,0.3025,0.6973999999999999,-0.959,0.2678,3.4754,0.05,-38.4219,784.95,26.0,KK
IDIL,SIRNAK,0.2532,0.7467,-0.842,0.1733,3.5712,0.1312,-31.5044,915.93,59.0,KK
SILOPI,SIRNAK,0.1967,0.8031999999999999,-0.621,0.1657,3.9815,0.1084,-44.2923,747.66,197.0,KK
MERKEZ,SIRNAK,0.3494,0.6505,-0.333,0.2715,3.549,0.178,-20.481,1089.92,179.0,KK
ULUDERE,SIRNAK,0.2694,0.7304999999999999,-0.81,0.1624,3.4207,0.1202,-32.9493,797.08,56.0,KK
AMASRA,BARTIN,0.4916,0.5083,-0.102,0.2827,3.3661,0.1122,-38.4502,695.18,79.0,KK
MERKEZ,BARTIN,0.5932999999999999,0.4065999999999999,0.475,0.3946,3.6176,0.1589,-28.2223,920.1,149.0,RTE
KURUCASILE,BARTIN,0.5687,0.4311999999999999,-0.732,0.2637,3.3529,0.1162,-24.158,847.1,43.0,RTE
ULUS,BARTIN,0.7184999999999999,0.2814,-0.576,0.2773,3.7113,0.0705,-21.5065,1083.52,26.0,RTE
MERKEZ,ARDAHAN,0.4052,0.5947,0.088,0.353,3.3429,0.1785,-36.8,842.35,33.0,KK
CILDIR,ARDAHAN,0.5209,0.479,-0.773,0.1699,3.3536,0.1362,-26.4505,819.73,9.0,RTE
DAMAL,ARDAHAN,0.0504999999999999,0.9494,-0.814,0.1931,3.883,0.0831,-42.6094,1011.73,28.0,KK
GOLE,ARDAHAN,0.474,0.5259,-0.831,0.2096,3.6147,0.0821,-25.444,1041.69,17.0,KK
HANAK,ARDAHAN,0.3339,0.6659999999999999,-0.926,0.1515,3.5031,0.1247,-38.959,1115.92,12.0,KK
POSOF,ARDAHAN,0.662,0.3379,-0.492,0.2205,3.402,0.1237,-33.0084,858.53,10.0,RTE
ARALIK,IGDIR,0.3985,0.6014,-0.852,0.1942,4.0016,0.1409,-44.6625,906.42,23.0,KK
MERKEZ,IGDIR,0.3169,0.6829999999999999,0.033,0.354,3.676,0.167,-20.9884,652.01,120.0,KK
KARAKOYUNLU,IGDIR,0.4107,0.5892000000000001,-1.008,0.1182,3.7629,0.1195,-48.0026,900.09,47.0,KK
TUZLUCA,IGDIR,0.3253,0.6746,-0.953,0.2685,3.9441,0.0907,-39.4253,873.2,17.0,KK
ALTINOVA,YALOVA,0.5724,0.4275,0.556,0.3132,3.0916,0.1697,-27.0876,623.28,240.0,RTE
ARMUTLU,YALOVA,0.5966,0.4033,0.029,0.3694,3.5171,0.1742,-17.9238,591.03,100.0,RTE
CINARCIK,YALOVA,0.4624,0.5375,0.141,0.3037,3.4024,0.131,-28.1174,1047.82,363.0,KK
CIFTLIKKOY,YALOVA,0.4943,0.5056,0.828,0.4341,3.1853,0.2494,-2.8582,716.59,389.0,KK
TERMAL,YALOVA,0.6357,0.3642,0.158,0.2843,3.1738,0.2081,-35.5018,805.37,105.0,RTE
MERKEZ,YALOVA,0.4896999999999999,0.5102,1.137,0.4785,3.1416,0.2732,-15.081,566.1,536.0,KK
EFLANI,KARABUK,0.7766,0.2232999999999999,-0.658,0.2643,3.5531,0.0844,-24.7781,1060.07,16.0,RTE
ESKIPAZAR,KARABUK,0.7761,0.2238,-0.383,0.2807,3.6945,0.1663,-44.9401,1080.85,17.0,RTE
MERKEZ,KARABUK,0.6452,0.3547,0.962,0.33,3.4026,0.2219,4.7081,832.31,188.0,RTE
OVACIK,KARABUK,0.7193,0.2805999999999999,-0.776,0.2037,3.711,0.0696,-32.0233,775.61,11.0,RTE
SAFRANBOLU,KARABUK,0.57,0.4299,0.662,0.3646,3.0903,0.2486,-8.554,631.81,69.0,RTE
YENICE,KARABUK,0.6414,0.3585,-0.448,0.2892,3.2155,0.078,-31.9701,1066.59,25.0,RTE
ELBEYLI,KILIS,0.6819,0.318,-0.835,0.2697,3.3093,0.0527,-28.2023,882.63,29.0,RTE
MERKEZ,KILIS,0.6853,0.3146,0.193,0.364,3.3827,0.1986,-13.1746,655.34,218.0,RTE
MUSABEYLI,KILIS,0.8077,0.1921999999999999,-1.243,0.0959,3.9701,0.0859,-31.4434,1102.66,21.0,RTE
POLATELI,KILIS,0.7968000000000001,0.2030999999999999,-1.155,0.2228,3.5081,0.0327,-44.1199,813.9,12.0,RTE
BAHCE,OSMANIYE,0.7681,0.2318,-0.302,0.322,3.4417,0.1111,-40.0306,858.04,111.0,RTE
DUZICI,OSMANIYE,0.6679,0.332,-0.269,0.3189,3.7268,0.0928,-18.1977,1016.03,146.0,RTE
HASANBEYLI,OSMANIYE,0.6884,0.3115,-0.58,0.2471,3.5751,0.0671,-23.0167,1108.57,30.0,RTE
KADIRLI,OSMANIYE,0.628,0.3718999999999999,0.157,0.3739,3.7108,0.1708,-12.9612,990.88,125.0,RTE
MERKEZ,OSMANIYE,0.6720999999999999,0.3278,0.515,0.2669,3.3344,0.1823,-24.5105,644.5,329.0,RTE
SUMBAS,OSMANIYE,0.6518,0.3481,-0.987,0.2622,3.3212,0.0504,-40.1362,793.46,37.0,RTE
TOPRAKKALE,OSMANIYE,0.5952000000000001,0.4047,-0.084,0.2958,3.2552,0.1227,-23.4117,1082.82,201.0,RTE
AKCAKOCA,DUZCE,0.6207,0.3792,0.257,0.397,3.4038,0.2088,-11.7492,722.04,108.0,RTE
CUMAYERI,DUZCE,0.8058,0.1941,-0.237,0.3333,3.1407,0.1146,-14.4452,1066.91,142.0,RTE
CILIMLI,DUZCE,0.8222,0.1777,-0.196,0.3395,3.4863,0.1046,-25.7176,705.32,225.0,RTE
MERKEZ,DUZCE,0.7026,0.2973,1.032,0.3749,3.5179,0.1961,-19.4916,786.02,371.0,RTE
GOLYAKA,DUZCE,0.7263,0.2736,-0.472,0.2146,3.866,0.1555,-24.6511,837.94,92.0,RTE
GUMUSOVA,DUZCE,0.753,0.2469,-0.134,0.3387,3.7654,0.1665,-24.011,871.12,167.0,RTE
KAYNASLI,DUZCE,0.8133,0.1866,-0.099,0.3494,3.1873,0.1419,-23.5023,789.02,87.0,RTE
YIGILCA,DUZCE,0.8628,0.1371,-0.88,0.2303,3.4279,0.1241,-37.8111,889.8,22.0,RTE
