ilçe id,İlçe Adı,İl Adı,kayıtlı seçmen,Toplam Oy,Geçerli Oy,RTE,KK,Skor
650,ALADAĞ,Adana,12.33800,11.09300,10.89600,64.20%,35.79%,-0.7640
117,CEYHAN,Adana,112.65600,95.44800,94.24100,47.37%,52.62%,0.1030
982,ÇUKUROVA,Adana,288.07400,251.48800,249.15200,33.16%,66.83%,1.5290
227,FEKE,Adana,12.79600,10.81600,10.62800,68.89%,31.10%,-0.9540
699,İMAMOĞLU,Adana,20.22200,17.69400,17.37000,67.54%,32.45%,-0.4340
332,KARAİSALI,Adana,17.32200,15.65100,15.40500,74.13%,25.86%,-0.5460
338,KARATAŞ,Adana,17.04100,14.99500,14.85700,37.92%,62.07%,-0.5640
379,KOZAN,Adana,97.61400,82.47000,81.28900,63.55%,36.44%,0.0160
473,POZANTI,Adana,15.32600,13.22800,13.05400,62.01%,37.98%,-0.1850
481,SAİMBEYLİ,Adana,10.73600,8.75400,8.59400,77.77%,22.22%,-0.9460
981,SARIÇAM,Adana,149.66200,126.77700,125.25600,59.81%,40.18%,0.8620
4,SEYHAN,Adana,562.78200,471.76600,466.74000,39.44%,60.55%,2.0430
580,TUFANBEYLİ,Adana,12.83600,11.07200,10.86600,64.40%,35.59%,-0.5210
627,YUMURTALIK,Adana,13.77500,12.11000,11.96100,54.33%,45.66%,-0.4480
641,YÜREĞİR,Adana,273.55300,223.96300,220.96800,50.52%,49.47%,0.5960
5,ADIYAMAN MERKEZ,Adıyaman,187.05100,145.47100,143.43600,61.98%,38.01%,0.5420
81,BESNİ,Adıyaman,52.40600,40.48200,39.69600,65.16%,34.83%,-0.4440
144,ÇELİKHAN,Adıyaman,10.33000,9.14300,8.95800,63.54%,36.45%,-0.6310
244,GERGER,Adıyaman,10.70000,8.15500,8.05000,87.11%,12.88%,-1.2890
251,GÖLBAŞI,Adıyaman,33.52100,26.72500,26.29200,62.55%,37.44%,-0.1330
320,KAHTA,Adıyaman,83.67300,69.66600,68.63600,81.43%,18.56%,-0.5120
485,SAMSAT,Adıyaman,4.29200,4.10200,3.97200,90.05%,9.94%,-0.8400
878,SİNCİK,Adıyaman,10.98200,9.97400,9.88700,94.59%,5.40%,-1.2020
882,TUT,Adıyaman,6.74800,5.65600,5.54600,67.56%,32.43%,-0.9790
8,AFYONKARAHİSAR MERKEZ,Afyonkarahisar,219.46100,196.72700,193.56300,67.01%,32.98%,1.1780
664,BAŞMAKÇI,Afyonkarahisar,7.49800,6.68800,6.55200,61.40%,38.59%,-0.4270
666,BAYAT,Afyonkarahisar,5.70500,4.94700,4.81200,68.41%,31.58%,-0.6200
99,BOLVADİN,Afyonkarahisar,31.65900,27.67900,27.13600,75.42%,24.57%,-0.0450
137,ÇAY,Afyonkarahisar,23.25000,19.95800,19.53100,61.74%,38.25%,-0.3280
799,ÇOBANLAR,Afyonkarahisar,9.49900,8.59900,8.43700,69.39%,30.60%,-0.8010
165,DAZKIRI,Afyonkarahisar,8.79400,7.94800,7.80900,62.73%,37.26%,-0.0880
179,DİNAR,Afyonkarahisar,35.64800,30.24300,29.64500,59.77%,40.22%,-0.1320
204,EMİRDAĞ,Afyonkarahisar,32.72100,22.33200,21.96000,62.77%,37.22%,-0.1830
816,EVCİLER,Afyonkarahisar,5.59800,4.96300,4.86900,59.97%,40.02%,-0.5250
837,HOCALAR,Afyonkarahisar,6.98100,6.00100,5.86700,79.34%,20.65%,-0.7720
301,İHSANİYE,Afyonkarahisar,20.25200,18.51100,18.12000,80.56%,19.43%,-0.5920
702,İSCEHİSAR,Afyonkarahisar,17.59100,16.14400,15.89400,79.48%,20.51%,-0.3920
854,KIZILÖREN,Afyonkarahisar,1.84700,1.56300,1.51700,61.76%,38.23%,-0.6400
487,SANDIKLI,Afyonkarahisar,41.75100,35.52600,34.76700,70.52%,29.47%,0.0520
519,SİNANPAŞA,Afyonkarahisar,29.64600,26.10900,25.52900,75.34%,24.65%,-0.6270
532,SULTANDAĞI,Afyonkarahisar,12.01700,10.53500,10.31500,36.08%,63.91%,-0.3680
557,ŞUHUT,Afyonkarahisar,27.42400,24.71900,24.26500,71.74%,28.25%,-0.4880
11,AĞRI MERKEZ,Ağrı,91.02200,63.97800,62.78900,46.44%,53.55%,-0.2310
181,DİYADİN,Ağrı,23.01100,13.88100,13.62700,25.72%,74.27%,-1.1470
185,DOĞUBAYAZIT,Ağrı,70.58300,47.61000,46.94700,17.80%,82.19%,-0.6470
199,ELEŞKİRT,Ağrı,19.56800,12.80200,12.45300,62.45%,37.54%,-1.0130
276,HAMUR,Ağrı,9.36300,5.89900,5.78700,42.43%,57.56%,-1.2750
461,PATNOS,Ağrı,65.63700,38.80500,38.09500,27.58%,72.41%,-1.0500
560,TAŞLIÇAY,Ağrı,11.48200,7.84300,7.68900,31.17%,68.82%,-1.1240
584,TUTAK,Ağrı,16.95900,11.33200,11.09600,41.68%,58.31%,-1.2540
34,AMASYA MERKEZ,Amasya,107.29900,96.43800,95.13100,58.08%,41.91%,0.6510
260,GÖYNÜCEK,Amasya,7.95500,7.24400,7.13900,68.31%,31.68%,-0.7980
265,GÜMÜŞHACIKÖY,Amasya,18.25900,16.84700,16.62900,43.62%,56.37%,-0.2690
831,HAMAMÖZÜ,Amasya,2.98000,2.69000,2.63800,67.85%,32.14%,-0.6650
417,MERZİFON,Amasya,58.70200,52.51600,51.84700,51.77%,48.22%,0.5470
534,SULUOVA,Amasya,36.55200,32.59700,32.01900,74.42%,25.57%,0.0610
561,TAŞOVA,Amasya,25.24300,22.24700,21.83600,66.76%,33.23%,-0.4900
765,AKYURT,Ankara,30.38800,27.00300,26.59700,76.32%,23.67%,0.7050
30,ALTINDAĞ,Ankara,294.51300,254.18400,250.80000,63.20%,36.79%,2.5280
56,AYAŞ,Ankara,10.01200,9.10000,8.93400,58.89%,41.10%,0.0320
66,BALA,Ankara,17.52100,13.87600,13.65800,65.40%,34.59%,-0.6110
86,BEYPAZARI,Ankara,37.45800,32.60700,32.08600,60.94%,39.05%,0.2690
125,ÇAMLIDERE,Ankara,7.40500,6.44000,6.32600,80.52%,19.47%,-0.5260
129,ÇANKAYA,Ankara,717.42600,643.89800,638.19200,21.84%,78.15%,6.9010
158,ÇUBUK,Ankara,69.50400,61.40200,60.48900,75.24%,24.75%,0.2980
200,ELMADAĞ,Ankara,34.43100,30.93400,30.42800,50.91%,49.08%,0.4620
815,ETİMESGUT,Ankara,463.23500,411.00900,406.11100,43.28%,56.71%,1.9570
817,EVREN,Ankara,2.46700,1.98700,1.94800,65.81%,34.18%,-0.4780
637,GÖLBAŞI,Ankara,106.44000,93.98700,92.76900,50.45%,49.54%,1.7900
262,GÜDÜL,Ankara,7.20400,6.22800,6.12400,68.64%,31.35%,-0.4930
284,HAYMANA,Ankara,21.17100,16.66200,16.38700,66.60%,33.39%,-0.5780
708,KAHRAMANKAZAN,Ankara,42.84200,37.81800,37.15300,67.27%,32.72%,1.5380
322,KALECİK,Ankara,10.34900,9.22200,9.06300,68.33%,31.66%,-0.3590
638,KEÇİÖREN,Ankara,694.35000,603.63100,595.90600,55.73%,44.26%,1.3650
367,KIZILCAHAMAM,Ankara,22.85100,20.02100,19.63900,71.13%,28.86%,0.0220
639,MAMAK,Ankara,499.85400,439.26500,434.50100,49.76%,50.23%,0.7790
432,NALLIHAN,Ankara,21.77400,19.01800,18.68200,58.29%,41.70%,-0.1020
471,POLATLI,Ankara,95.71700,80.02500,78.99800,55.27%,44.72%,0.5810
983,PURSAKLAR,Ankara,115.23000,102.41500,100.83800,73.93%,26.06%,0.4470
640,SİNCAN,Ankara,412.72600,359.95600,355.46300,64.95%,35.04%,1.0500
551,ŞEREFLİKOÇHİSAR,Ankara,25.18800,20.23900,19.93800,59.23%,40.76%,0.1150
616,YENİMAHALLE,Ankara,528.88900,472.04500,466.52000,41.88%,58.11%,4.4810
21,AKSEKİ,Antalya,9.13200,7.66200,7.50200,58.95%,41.04%,-0.1820
984,AKSU,Antalya,55.76600,47.73800,47.13400,48.83%,51.16%,0.4760
26,ALANYA,Antalya,232.13800,193.75700,191.28500,47.29%,52.70%,1.6760
704,DEMRE,Antalya,21.30100,19.03100,18.71200,50.64%,49.35%,0.1800
985,DÖŞEMEALTI,Antalya,57.00800,50.15500,49.47200,47.63%,52.36%,1.2160
201,ELMALI,Antalya,31.11400,27.63600,27.15400,53.81%,46.18%,-0.1500
231,FİNİKE,Antalya,38.16700,32.88700,32.37100,50.03%,49.96%,0.3150
234,GAZİPAŞA,Antalya,41.48400,36.78500,36.17800,43.88%,56.11%,0.1520
267,GÜNDOĞMUŞ,Antalya,6.23600,5.30800,5.09700,56.50%,43.49%,-0.8150
839,İBRADI,Antalya,2.46500,2.16600,2.12100,49.41%,50.58%,-0.2640
346,KAŞ,Antalya,47.43900,41.50200,40.83600,45.20%,54.79%,0.2030
852,KEMER,Antalya,32.89100,27.88800,27.60200,43.18%,56.81%,1.5010
941,KEPEZ,Antalya,437.21700,372.42100,368.52000,45.74%,54.25%,1.3920
942,KONYAALTI,Antalya,128.36300,110.80400,109.90000,27.24%,72.75%,2.4650
376,KORKUTELİ,Antalya,44.15200,38.94800,38.24400,57.04%,42.95%,0.0810
385,KUMLUCA,Antalya,55.61900,49.37800,48.68400,52.68%,47.31%,0.5150
405,MANAVGAT,Antalya,183.96500,156.78100,154.83900,46.88%,53.11%,1.5380
943,MURATPAŞA,Antalya,382.68700,327.30600,324.73400,31.02%,68.97%,3.1730
509,SERİK,Antalya,101.68800,86.67600,85.49700,44.31%,55.68%,0.8520
44,ARDANUÇ,Artvin,9.08000,7.82100,7.69300,39.52%,60.47%,-0.4540
46,ARHAVİ,Artvin,16.91500,14.68400,14.49200,55.02%,44.97%,0.2220
51,ARTVİN MERKEZ,Artvin,25.24800,22.45200,22.08300,48%,51.99%,0.9130
101,BORÇKA,Artvin,17.38500,15.16600,14.91900,64.20%,35.79%,-0.2900
292,HOPA,Artvin,21.33000,18.68300,18.47200,37.99%,62%,0.5020
11888,KEMALPAŞA,Artvin,7.21100,6.48500,6.41500,31.08%,68.91%,-0.4320
721,MURGUL,Artvin,4.65800,3.99800,3.90200,50.74%,49.25%,-0.1650
546,ŞAVŞAT,Artvin,14.72500,12.54300,12.32100,44.76%,55.23%,-0.4050
629,YUSUFELİ,Artvin,15.81400,13.07900,12.84400,74.78%,25.21%,-0.2900
105,BOZDOĞAN,Aydın,25.64000,22.69300,22.25300,50.85%,49.14%,-0.5140
674,BUHARKENT,Aydın,10.02300,8.86100,8.72400,45.78%,54.21%,-0.2930
154,ÇİNE,Aydın,39.78400,35.47000,34.83700,46.69%,53.30%,-0.0700
892,DİDİM,Aydın,76.22300,63.13800,62.63200,27.13%,72.86%,0.8420
1025,EFELER,Aydın,226.41900,198.51200,196.09800,38.49%,61.50%,1.5180
245,GERMENCİK,Aydın,33.07600,29.23000,28.83700,41.06%,58.93%,-0.2820
700,İNCİRLİOVA,Aydın,40.91500,35.52800,35.09700,49.04%,50.95%,-0.0910
330,KARACASU,Aydın,14.36300,12.51700,12.27600,48.32%,51.67%,-0.4220
850,KARPUZLU,Aydın,8.79100,7.77500,7.60500,62.38%,37.61%,-0.6930
373,KOÇARLI,Aydın,18.01000,16.39400,16.15100,56.76%,43.23%,-0.5310
861,KÖŞK,Aydın,21.28300,19.08500,18.73900,64.96%,35.03%,-0.3060
390,KUŞADASI,Aydın,100.88300,84.14500,83.54700,27.37%,72.62%,1.4950
391,KUYUCAK,Aydın,21.25900,18.97900,18.64400,47.83%,52.16%,-0.2240
435,NAZİLLİ,Aydın,122.11300,105.24400,103.77300,43.48%,56.51%,0.7560
530,SÖKE,Aydın,93.72800,80.77500,79.99900,36.40%,63.59%,0.8210
533,SULTANHİSAR,Aydın,15.50300,13.72900,13.49200,44.94%,55.05%,-0.2650
617,YENİPAZAR,Aydın,9.72400,8.70700,8.56400,52.19%,47.80%,-0.2960
1030,ALTIEYLÜL,Balıkesir,140.15000,124.13300,122.63500,52.61%,47.38%,1.2450
60,AYVALIK,Balıkesir,60.07900,52.00400,51.51500,27.79%,72.20%,0.9070
68,BALYA,Balıkesir,10.96200,10.02100,9.85600,52.19%,47.80%,-0.6000
70,BANDIRMA,Balıkesir,123.32600,107.90400,106.81800,39.40%,60.59%,1.0720
90,BİGADİÇ,Balıkesir,37.27300,33.27300,32.69900,61.19%,38.80%,-0.1380
115,BURHANİYE,Balıkesir,50.78200,44.64000,44.14300,37.54%,62.45%,0.5860
189,DURSUNBEY,Balıkesir,27.62100,24.54600,24.07200,80.78%,19.21%,-0.4560
192,EDREMİT,Balıkesir,135.55700,116.03600,114.96400,35.20%,64.79%,1.0720
208,ERDEK,Balıkesir,26.80400,23.13100,22.90800,34.51%,65.48%,0.3520
821,GÖMEÇ,Balıkesir,13.62500,11.94000,11.79400,35.99%,64%,0.0620
257,GÖNEN,Balıkesir,60.95600,53.96600,53.35500,51.70%,48.29%,0.3260
281,HAVRAN,Balıkesir,21.35800,19.35600,19.05000,66.35%,33.64%,-0.4710
314,İVRİNDİ,Balıkesir,25.97600,23.88900,23.41500,66.25%,33.74%,-0.4830
1029,KARESİ,Balıkesir,143.06600,127.95200,126.30100,53%,46.99%,1.1080
356,KEPSUT,Balıkesir,16.83000,15.52200,15.29000,72.26%,27.73%,-0.5360
407,MANYAS,Balıkesir,15.16400,13.47400,13.29300,46.04%,53.95%,-0.3030
717,MARMARA,Balıkesir,8.78500,7.50200,7.43500,44.46%,55.53%,0.4050
501,SAVAŞTEPE,Balıkesir,13.71400,12.27300,12.02300,60.99%,39%,-0.4260
512,SINDIRGI,Balıkesir,28.14900,25.37400,24.80200,57.60%,42.39%,-0.4770
537,SUSURLUK,Balıkesir,30.97300,27.44600,27.15600,48.65%,51.34%,0.2250
91,BİLECİK MERKEZ,Bilecik,55.79700,49.24900,48.49900,51.85%,48.14%,0.8210
109,BOZÜYÜK,Bilecik,60.41100,54.10700,53.32500,49.76%,50.23%,0.6080
256,GÖLPAZARI,Bilecik,7.58100,6.57100,6.45000,58.27%,41.72%,-0.4460
841,İNHİSAR,Bilecik,1.93000,1.69100,1.66100,60.38%,39.61%,-0.4300
452,OSMANELİ,Bilecik,16.84600,14.97400,14.74100,58.55%,41.44%,-0.1540
464,PAZARYERİ,Bilecik,7.93700,7.01000,6.88600,61.55%,38.44%,-0.3010
529,SÖĞÜT,Bilecik,14.25600,12.73300,12.53900,59.66%,40.33%,0.1020
750,YENİPAZAR,Bilecik,2.47500,2.21800,2.17500,65.10%,34.89%,-0.5010
643,ADAKLI,Bingöl,6.04100,4.74300,4.61300,64.16%,35.83%,-1.0970
92,BİNGÖL MERKEZ,Bingöl,114.25200,85.87900,83.59100,68.12%,31.87%,0.2140
241,GENÇ,Bingöl,24.17200,18.08300,17.68200,82.23%,17.76%,-0.6460
341,KARLIOVA,Bingöl,18.10900,12.00700,11.47600,45.73%,54.26%,-1.0170
369,KİĞI,Bingöl,3.74800,2.94700,2.88200,40.56%,59.43%,-0.5170
526,SOLHAN,Bingöl,23.33400,17.43000,17.00000,81.32%,18.67%,-0.7300
748,YAYLADERE,Bingöl,1.77600,1.37900,1.35900,30.83%,69.16%,-0.4510
889,YEDİSU,Bingöl,2.26500,2.04400,2.01200,30.81%,69.18%,-0.9680
6,ADİLCEVAZ,Bitlis,18.31000,12.54500,12.29300,47.82%,52.17%,-0.8320
12,AHLAT,Bitlis,26.13300,20.20200,19.83600,47.05%,52.94%,-0.7060
95,BİTLİS MERKEZ,Bitlis,44.80400,35.23800,34.30500,51.56%,48.43%,-0.0460
691,GÜROYMAK,Bitlis,28.99600,21.16200,20.66300,44.35%,55.64%,-1.0020
291,HİZAN,Bitlis,20.41600,15.31100,14.91800,56.73%,43.26%,-1.1030
430,MUTKİ,Bitlis,17.92700,13.74600,13.45600,79.36%,20.63%,-1.2570
562,TATVAN,Bitlis,64.68000,50.84400,49.67900,42.30%,57.69%,-0.1280
98,çukurca,Bolu,154.12600,136.76500,134.92300,57.91%,42.08%,1.4800
809,DÖRTDİVAN,Bolu,5.64200,4.99400,4.93100,90.16%,9.83%,-0.7840
243,GEREDE,Bolu,26.73900,24.34900,24.02000,87.88%,12.11%,0.0240
261,GÖYNÜK,Bolu,11.65900,10.39000,10.24700,80.26%,19.73%,-0.4410
360,KIBRISCIK,Bolu,2.54800,2.20100,2.16400,50.83%,49.16%,-0.6550
415,MENGEN,Bolu,11.42400,9.53200,9.36200,61.40%,38.59%,-0.2450
424,MUDURNU,Bolu,14.97400,13.15400,12.88800,68.14%,31.85%,-0.4610
503,SEBEN,Bolu,3.99800,3.44700,3.38400,62.73%,37.26%,-0.4250
890,YENİÇAĞA,Bolu,5.54400,4.84100,4.78100,83.43%,16.56%,-0.0910
9,AĞLASUN,Burdur,6.20300,5.58900,5.42700,70.88%,29.11%,-0.4760
767,ALTINYAYLA,Burdur,4.28800,3.67700,3.56700,75.77%,24.22%,-0.6630
110,BUCAK,Burdur,50.49100,44.77900,43.80600,62.56%,37.43%,0.4390
114,BURDUR MERKEZ,Burdur,81.64800,71.74900,70.63000,48.36%,51.63%,0.9170
792,ÇAVDIR,Burdur,10.11200,8.45800,8.29200,58.58%,41.41%,-0.4480
796,ÇELTİKÇİ,Burdur,4.22800,3.79400,3.69900,67.42%,32.57%,-0.5280
254,GÖLHİSAR,Burdur,17.49200,14.97000,14.70800,67.18%,32.81%,0.0740
706,KARAMANLI,Burdur,6.59200,5.76400,5.67700,47.11%,52.88%,-0.0340
709,KEMER,Burdur,2.51000,2.21300,2.16900,69.84%,30.15%,-0.5490
565,TEFENNİ,Burdur,8.49400,7.19300,7.04700,53.24%,46.75%,-0.3250
621,YEŞİLOVA,Burdur,12.42700,10.66100,10.43000,44.68%,55.31%,-0.3360
676,BÜYÜKORHAN,Bursa,7.83700,6.96500,6.77000,80.81%,19.18%,-0.7520
240,GEMLİK,Bursa,92.53000,79.98600,79.05600,49.29%,50.70%,0.7430
828,GÜRSU,Bursa,69.53400,59.35900,58.68400,69.40%,30.59%,0.1760
692,HARMANCIK,Bursa,5.19300,4.63300,4.51600,70.48%,29.51%,-0.3720
308,İNEGÖL,Bursa,209.28500,184.68100,182.27100,69.14%,30.85%,1.0180
315,İZNİK,Bursa,36.02600,31.87000,31.43200,54.70%,45.29%,0.0990
329,KARACABEY,Bursa,65.74700,57.05300,56.41100,50.63%,49.36%,0.5600
351,KELES,Bursa,9.71100,8.63700,8.48700,73.48%,26.51%,-0.3920
853,KESTEL,Bursa,55.14100,48.48100,47.90000,58.77%,41.22%,0.7770
423,MUDANYA,Bursa,87.40100,77.36600,76.52100,39.64%,60.35%,1.0370
428,MUSTAFAKEMALPAŞA,Bursa,81.43200,72.40100,71.48500,54.63%,45.36%,0.2850
722,NİLÜFER,Bursa,385.44100,343.95100,340.44000,38.15%,61.84%,4.0720
446,ORHANELİ,Bursa,15.60700,14.26400,13.94000,69.16%,30.83%,-0.3540
447,ORHANGAZİ,Bursa,63.22100,55.46300,54.69400,53.02%,46.97%,0.4860
725,OSMANGAZİ,Bursa,666.29600,578.08400,571.36900,56.10%,43.89%,2.3740
618,YENİŞEHİR,Bursa,42.82000,38.05100,37.53300,55.77%,44.22%,0.0620
752,YILDIRIM,Bursa,475.94900,410.03900,404.77700,60.42%,39.57%,1.0850
59,AYVACIK,Çanakkale,28.27000,25.06400,24.69800,44.21%,55.78%,0.1330
79,BAYRAMİÇ,Çanakkale,23.87000,21.81700,21.45700,43.74%,56.25%,-0.2290
89,BİGA,Çanakkale,72.85500,64.97000,64.21100,54.16%,45.83%,0.4260
104,BOZCAADA,Çanakkale,2.69100,2.29400,2.27400,23.65%,76.34%,1.6770
127,ÇAN,Çanakkale,38.27500,35.04800,34.59500,51.74%,48.25%,0.2580
128,ÇANAKKALE MERKEZ,Çanakkale,146.08200,128.85100,127.73800,29.20%,70.79%,1.8460
191,ECEABAT,Çanakkale,7.39300,6.56900,6.51300,25.65%,74.34%,0.0580
224,EZİNE,Çanakkale,25.23500,22.36400,22.03900,44.22%,55.77%,0.0430
237,GELİBOLU,Çanakkale,34.84600,30.16900,29.80700,35.26%,64.73%,0.4650
305,GÖKÇEADA,Çanakkale,7.76800,6.31500,6.24600,39.54%,60.45%,0.6350
396,LAPSEKİ,Çanakkale,23.65100,21.25400,20.99000,52.78%,47.21%,-0.0560
615,YENİCE,Çanakkale,25.54500,23.29600,22.92200,62.92%,37.07%,-0.4040
658,ATKARACALAR,Çankırı,3.28800,2.78900,2.72800,81.08%,18.91%,-0.5180
778,BAYRAMÖREN,Çankırı,2.19100,1.84500,1.81900,85.65%,14.34%,-0.8360
130,ÇANKIRI MERKEZ,Çankırı,65.61700,56.77500,55.85000,72.60%,27.39%,0.7040
146,ÇERKEŞ,Çankırı,12.78200,10.76000,10.56600,71.61%,28.38%,-0.2320
198,ELDİVAN,Çankırı,5.21500,4.48100,4.38000,76.82%,23.17%,-0.5730
296,ILGAZ,Çankırı,11.54500,9.79000,9.57800,79.06%,20.93%,-0.2490
710,KIZILIRMAK,Çankırı,5.87000,5.15100,5.08700,86.02%,13.97%,-0.7150
856,KORGUN,Çankırı,3.33100,2.92000,2.86500,87.08%,12.91%,-0.6060
387,KURŞUNLU,Çankırı,6.82700,5.95300,5.86600,78.62%,21.37%,-0.1730
448,ORTA,Çankırı,9.67600,8.47800,8.37800,90.94%,9.05%,-0.6990
542,ŞABANÖZÜ,Çankırı,9.08600,8.15200,8.03800,71.13%,28.86%,-0.1300
611,YAPRAKLI,Çankırı,6.53700,5.55500,5.47800,90.32%,9.67%,-0.8930
24,ALACA,Çorum,23.21200,20.33000,20.06100,70.56%,29.43%,-0.3390
76,BAYAT,Çorum,11.84400,10.20600,10.01500,80.35%,19.64%,-0.8680
671,BOĞAZKALE,Çorum,3.04400,2.69000,2.65000,81.50%,18.49%,-0.6040
157,ÇORUM MERKEZ,Çorum,218.54100,194.77100,192.26000,58.64%,41.35%,1.0260
804,DODURGA,Çorum,4.56200,4.04700,3.94700,60.19%,39.80%,-0.5110
311,İSKİLİP,Çorum,24.18100,20.81100,20.37700,80.02%,19.97%,-0.4920
340,KARGI,Çorum,13.52200,11.65900,11.42600,74.06%,25.93%,-0.5830
865,LAÇİN,Çorum,3.49500,3.14700,3.08200,72.77%,27.22%,-0.7890
413,MECİTÖZÜ,Çorum,11.85100,10.79700,10.68100,57.82%,42.17%,-0.7190
869,OĞUZLAR,Çorum,4.16900,3.83500,3.75800,70.67%,29.32%,-0.8200
449,ORTAKÖY,Çorum,5.18600,4.60600,4.53300,57.77%,42.22%,-0.6970
451,OSMANCIK,Çorum,33.82300,29.78000,29.24300,70.93%,29.06%,-0.1940
535,SUNGURLU,Çorum,36.86900,32.27000,31.79300,73.03%,26.96%,-0.2430
743,UĞURLUDAĞ,Çorum,5.04100,4.50100,4.42100,82.96%,17.03%,-0.9230
2,ACIPAYAM,Denizli,44.11200,38.83800,38.03900,57.59%,42.40%,0.0520
662,BABADAĞ,Denizli,5.02100,4.46000,4.36200,54.95%,45.04%,-0.4300
774,BAKLAN,Denizli,4.38800,3.99400,3.89800,52.02%,47.97%,-0.5320
667,BEKİLLİ,Denizli,5.51800,4.89000,4.79300,40.14%,59.85%,-0.2310
781,BEYAĞAÇ,Denizli,5.09400,4.58500,4.47300,55.98%,44.01%,-0.5700
782,BOZKURT,Denizli,8.57600,7.58600,7.44300,45.50%,54.49%,-0.3110
113,BULDAN,Denizli,21.18900,18.51100,18.15000,46.67%,53.32%,-0.0110
122,ÇAL,Denizli,14.84900,13.30300,13.03600,43.88%,56.11%,-0.2320
124,ÇAMELİ,Denizli,14.88500,12.85300,12.58400,71.12%,28.87%,-0.5420
131,ÇARDAK,Denizli,6.74700,6.00400,5.87800,46.05%,53.94%,-0.2360
155,ÇİVRİL,Denizli,46.36900,39.87100,39.09900,50.53%,49.46%,-0.1270
268,GÜNEY,Denizli,7.91100,7.13600,6.96200,46.35%,53.64%,-0.4570
696,HONAZ,Denizli,22.80200,20.31300,20.07600,47.01%,52.98%,0.6360
321,KALE,Denizli,15.05100,13.18700,12.86500,62.41%,37.58%,-0.3790
1035,MERKEZEFENDİ,Denizli,250.41000,223.90600,221.24800,42.40%,57.59%,2.3750
764,PAMUKKALE,Denizli,253.71700,222.90100,220.13500,46.34%,53.65%,1.2270
490,SARAYKÖY,Denizli,23.75500,21.20000,20.92000,36.20%,63.79%,0.0780
733,SERİNHİSAR,Denizli,11.28600,10.37300,10.15000,54.37%,45.62%,-0.0640
563,TAVAS,Denizli,34.17300,29.98300,29.37100,56.75%,43.24%,-0.1650
944,BAĞLAR,Diyarbakır,254.65800,191.19000,187.82800,24.08%,75.91%,0.0170
94,BİSMİL,Diyarbakır,74.21100,60.31600,59.14500,21.74%,78.25%,-0.7270
147,ÇERMİK,Diyarbakır,31.78800,22.56800,22.14200,62.77%,37.22%,-0.8870
151,ÇINAR,Diyarbakır,43.59000,32.48800,31.89100,36.85%,63.14%,-1.2560
161,ÇÜNGÜŞ,Diyarbakır,7.48800,5.49500,5.31300,62.07%,37.92%,-1.0920
176,DİCLE,Diyarbakır,23.64400,15.70200,15.15000,35.66%,64.33%,-1.1220
684,EĞİL,Diyarbakır,14.24900,9.56700,9.16500,42.20%,57.79%,-1.1660
213,ERGANİ,Diyarbakır,88.01600,64.62300,63.30500,32.89%,67.10%,-0.5720
278,HANİ,Diyarbakır,20.15400,12.58300,12.17400,52.87%,47.12%,-1.2670
286,HAZRO,Diyarbakır,10.04800,7.08400,6.88100,24.76%,75.23%,-1.2850
945,KAYAPINAR,Diyarbakır,273.30200,215.69600,211.76900,25.27%,74.72%,0.8570
855,KOCAKÖY,Diyarbakır,9.87600,7.83700,7.64300,18.08%,81.91%,-1.1310
383,KULP,Diyarbakır,23.04700,16.60500,16.11100,42.63%,57.36%,-1.1020
397,LİCE,Diyarbakır,17.85500,14.14300,13.87900,14.60%,85.39%,-1.0220
517,SİLVAN,Diyarbakır,54.40600,42.69400,41.55200,21.41%,78.58%,-0.8240
946,SUR,Diyarbakır,59.92700,44.74300,43.73400,31.11%,68.88%,0.1240
986,YENİŞEHİR,Diyarbakır,142.01100,108.50500,106.37300,28.65%,71.34%,0.4660
193,EDİRNE MERKEZ,Edirne,138.90500,120.38400,119.34800,30.22%,69.77%,2.1130
205,ENEZ,Edirne,8.99500,7.92200,7.83800,26.32%,73.67%,-0.2840
282,HAVSA,Edirne,15.37000,13.75100,13.60700,31.68%,68.31%,-0.1980
309,İPSALA,Edirne,21.27100,18.73400,18.47500,39.77%,60.22%,-0.4080
358,KEŞAN,Edirne,65.71500,57.89600,57.34200,35.56%,64.43%,0.6230
395,LALAPAŞA,Edirne,5.28600,4.74600,4.68200,47.18%,52.81%,-0.3510
416,MERİÇ,Edirne,11.16000,9.65700,9.49600,41.58%,58.41%,-0.8060
881,SÜLOĞLU,Edirne,5.03500,4.38600,4.32900,41.78%,58.21%,-0.2850
598,UZUNKÖPRÜ,Edirne,48.74200,42.82900,42.26100,32.25%,67.74%,0.1000
10,AĞIN,Elazığ,2.22000,1.88100,1.84500,62.22%,37.77%,-0.6220
766,ALACAKAYA,Elazığ,4.64200,3.77100,3.66900,76.17%,23.82%,-0.7290
655,ARICAK,Elazığ,9.52400,7.02500,6.76000,76.86%,23.13%,-1.0700
72,BASKİL,Elazığ,9.97300,8.92600,8.82400,83.76%,16.23%,-0.7140
196,ELAZIĞ MERKEZ,Elazığ,325.08500,269.90700,265.27300,69.08%,30.91%,1.1350
333,KARAKOÇAN,Elazığ,21.20400,15.74700,15.37100,49.41%,50.58%,-0.4830
349,KEBAN,Elazığ,4.97500,4.44800,4.38000,73.21%,26.78%,-0.4160
713,KOVANCILAR,Elazığ,27.16600,21.07700,20.73800,81.09%,18.90%,-0.4280
399,MADEN,Elazığ,7.55800,6.07800,5.94700,66.78%,33.21%,-0.5920
459,PALU,Elazığ,13.36500,11.03200,10.80100,89.09%,10.90%,-0.7370
524,SİVRİCE,Elazığ,5.96400,4.98300,4.90400,79.32%,20.67%,-0.6470
141,ÇAYIRLI,Erzincan,6.28200,5.54800,5.50300,57.18%,42.81%,-0.5430
216,ERZİNCAN MERKEZ,Erzincan,115.41800,103.61100,102.13500,60.78%,39.21%,0.7240
303,İLİÇ,Erzincan,6.82700,5.99700,5.88100,72.09%,27.90%,-0.3010
353,KEMAH,Erzincan,5.40800,4.79000,4.71300,61.40%,38.59%,-0.6040
354,KEMALİYE,Erzincan,3.69900,3.03600,2.97700,70.64%,29.35%,-0.2760
870,OTLUKBELİ,Erzincan,1.76400,1.51500,1.48600,82.09%,17.90%,-0.5080
476,REFAHİYE,Erzincan,8.97300,7.65800,7.56200,68.85%,31.14%,-0.3910
568,TERCAN,Erzincan,11.37500,9.76100,9.62500,59.23%,40.76%,-0.5270
746,ÜZÜMLÜ,Erzincan,10.37800,8.90100,8.77300,64.34%,35.65%,-0.6300
52,AŞKALE,Erzurum,15.23500,13.24400,13.06000,83.39%,16.60%,-0.5780
838,AZİZİYE,Erzurum,43.48100,38.41000,37.87400,81.16%,18.83%,0.0620
133,ÇAT,Erzurum,10.81000,8.58200,8.46300,70.40%,29.59%,-1.1310
289,HINIS,Erzurum,16.34100,11.95700,11.63100,45.07%,54.92%,-0.9090
293,HORASAN,Erzurum,24.00300,18.40900,18.15500,83.27%,16.72%,-0.7780
313,İSPİR,Erzurum,11.86200,10.05200,9.89000,84.75%,15.24%,-0.3810
705,KARAÇOBAN,Erzurum,13.58000,8.60800,8.41900,27.78%,72.21%,-1.1720
339,KARAYAZI,Erzurum,16.46700,11.74300,11.47700,30.73%,69.26%,-1.2740
860,KÖPRÜKÖY,Erzurum,9.21000,7.38200,7.25700,82.60%,17.39%,-1.1890
433,NARMAN,Erzurum,8.87300,7.48100,7.36900,83.76%,16.23%,-0.7960
443,OLTU,Erzurum,22.56300,19.04800,18.71100,82.12%,17.87%,0.0250
444,OLUR,Erzurum,5.40100,4.42800,4.35200,81.52%,18.47%,-0.6370
987,PALANDÖKEN,Erzurum,122.77500,104.09300,102.16600,72.67%,27.32%,0.3780
460,PASİNLER,Erzurum,18.03000,15.61100,15.39300,83.25%,16.74%,-0.7650
758,PAZARYOLU,Erzurum,3.07300,2.60300,2.57300,89.89%,10.10%,-0.6120
550,ŞENKAYA,Erzurum,12.77500,10.00100,9.85900,59.46%,40.53%,-1.1190
567,TEKMAN,Erzurum,14.68700,10.21100,9.95100,32.02%,67.97%,-1.2770
576,TORTUM,Erzurum,12.30400,10.70000,10.52400,88.88%,11.11%,-0.5920
744,UZUNDERE,Erzurum,6.23800,5.30100,5.19800,84.09%,15.90%,-0.5610
988,YAKUTİYE,Erzurum,123.08500,106.10900,104.36800,77.66%,22.33%,1.6880
652,ALPU,Eskişehir,8.36600,7.18600,7.06200,64.68%,35.31%,-0.4010
670,BEYLİKOVA,Eskişehir,4.88600,4.21200,4.11900,52.26%,47.73%,-0.4240
153,ÇİFTELER,Eskişehir,11.44400,9.51600,9.36600,59.32%,40.67%,-0.2020
827,GÜNYÜZÜ,Eskişehir,4.45200,3.90300,3.83400,72.69%,27.30%,-0.5410
832,HAN,Eskişehir,1.83700,1.57600,1.53600,48.69%,51.30%,-0.6870
701,İNÖNÜ,Eskişehir,5.23000,4.78900,4.71800,63.54%,36.45%,0.3230
401,MAHMUDİYE,Eskişehir,5.86200,5.11900,5.00900,49.03%,50.96%,-0.3510
866,MİHALGAZİ,Eskişehir,2.58700,2.37900,2.32800,66.06%,33.93%,-0.4520
420,MİHALIÇÇIK,Eskişehir,6.80900,5.67400,5.58000,60.03%,39.96%,-0.5520
989,ODUNPAZARI,Eskişehir,316.21100,277.53900,274.19900,42.43%,57.56%,1.9500
492,SARICAKAYA,Eskişehir,3.89500,3.48700,3.42200,68.79%,31.20%,-0.5250
511,SEYİTGAZİ,Eskişehir,10.74100,9.81900,9.62000,52.98%,47.01%,-0.3100
525,SİVRİHİSAR,Eskişehir,16.22700,13.67200,13.44900,58.11%,41.88%,-0.1630
990,TEPEBAŞI,Eskişehir,291.43300,255.42600,252.41600,42.90%,57.09%,1.4770
38,ARABAN,Gaziantep,22.00700,17.88000,17.58400,67.15%,32.84%,-0.7360
312,İSLAHİYE,Gaziantep,44.21600,35.42500,34.79200,63.05%,36.94%,-0.3700
849,KARKAMIŞ,Gaziantep,7.09800,6.35800,6.25900,59.65%,40.34%,-0.8370
439,NİZİP,Gaziantep,95.37200,79.07000,77.96700,66.82%,33.17%,-0.1570
867,NURDAĞI,Gaziantep,26.44000,20.92500,20.65500,77.79%,22.20%,-0.4500
442,OĞUZELİ,Gaziantep,22.76700,19.77900,19.48500,68.30%,31.69%,-0.3890
734,ŞAHİNBEY,Gaziantep,603.30700,496.78700,491.24900,62%,37.99%,0.8540
737,ŞEHİTKAMİL,Gaziantep,527.85300,436.84300,431.49300,61.55%,38.44%,2.3750
613,YAVUZELİ,Gaziantep,14.19500,12.44900,12.22800,66.72%,33.27%,-1.0490
33,ALUCRA,Giresun,6.76800,5.41700,5.32600,87.58%,12.41%,-0.5400
111,BULANCAK,Giresun,54.14900,47.37500,46.79600,66.22%,33.77%,0.0630
786,ÇAMOLUK,Giresun,5.04600,4.20300,4.15600,88.54%,11.45%,-0.9200
787,ÇANAKÇI,Giresun,4.94800,4.21100,4.11000,78.44%,21.55%,-0.6370
170,DERELİ,Giresun,15.51000,13.44900,13.23800,83.25%,16.74%,-0.8240
805,DOĞANKENT,Giresun,5.03700,4.32100,4.21000,75.36%,24.63%,-0.5930
218,ESPİYE,Giresun,27.54800,23.08100,22.70200,66.89%,33.10%,-0.1780
222,EYNESİL,Giresun,10.48000,8.82900,8.65100,65.80%,34.19%,-0.3500
249,GİRESUN MERKEZ,Giresun,106.66700,91.63600,90.45100,52.31%,47.68%,1.1450
258,GÖRELE,Giresun,25.31800,20.99800,20.68200,62.08%,37.91%,-0.0450
823,GÜCE,Giresun,6.30900,5.49400,5.40800,80.10%,19.89%,-0.8050
359,KEŞAP,Giresun,16.54500,14.15400,13.92000,65.38%,34.61%,-0.2400
730,PİRAZİZ,Giresun,11.38600,10.00900,9.86800,61.47%,38.52%,-0.1680
547,ŞEBİNKARAHİSAR,Giresun,15.45200,13.14300,12.94500,81.01%,18.98%,-0.2040
571,TİREBOLU,Giresun,26.18700,22.25700,21.81900,65.96%,34.03%,0.0140
747,YAĞLIDERE,Giresun,12.33800,10.30200,10.11800,81.77%,18.22%,-0.5760
266,GÜMÜŞHANE MERKEZ,Gümüşhane,34.22400,29.13800,28.60400,72.50%,27.49%,0.6550
352,KELKİT,Gümüşhane,26.06800,20.24300,19.95300,83.61%,16.38%,-0.4290
715,KÖSE,Gümüşhane,4.64900,3.76300,3.68500,90.23%,9.76%,-0.6290
864,KÜRTÜN,Gümüşhane,9.27300,7.77400,7.64800,84.88%,15.11%,-0.7050
553,ŞİRAN,Gümüşhane,14.02700,10.37400,10.20100,76.85%,23.14%,-0.5150
577,TORUL,Gümüşhane,8.44900,6.95900,6.81500,78.10%,21.89%,-0.3680
159,ÇUKURCA,Hakkâri,11.34800,8.51500,8.36000,31.36%,68.63%,-0.0770
17770,DERECİK,Hakkâri,14.89800,11.07500,10.74900,69.98%,30.01%,-0.3860
274,HAKKARİ MERKEZ,Hakkâri,53.00300,42.51800,41.65600,24.47%,75.52%,-0.4770
549,ŞEMDİNLİ,Hakkâri,27.30300,20.46100,19.80600,43.20%,56.79%,-0.6330
630,YÜKSEKOVA,Hakkâri,80.07000,63.16000,61.96700,17.51%,82.48%,-1.1350
31,ALTINÖZÜ,Hatay,38.38500,32.81700,32.54900,86.81%,13.18%,-1.0380
1031,ANTAKYA,Hatay,213.73600,160.18000,158.70800,56.50%,43.49%,1.1460
1033,ARSUZ,Hatay,72.42100,62.94800,62.57500,23.51%,76.48%,-0.0640
780,BELEN,Hatay,23.52000,19.98100,19.73100,67.63%,32.36%,0.0640
1032,DEFNE,Hatay,109.50500,87.74900,87.32800,8.65%,91.34%,0.3380
187,DÖRTYOL,Hatay,88.72300,74.86300,73.71800,55.89%,44.10%,0.3230
685,ERZİN,Hatay,29.67400,25.52300,25.12700,50.34%,49.65%,-0.2400
279,HASSA,Hatay,37.65400,31.34600,30.77500,76.55%,23.44%,-0.6270
310,İSKENDERUN,Hatay,164.77500,135.11000,133.66900,50.56%,49.43%,1.0560
362,KIRIKHAN,Hatay,72.77400,59.11500,56.19600,78.56%,21.43%,-0.2060
863,KUMLU,Hatay,9.28800,7.62300,7.51900,74.90%,25.09%,-0.9510
1034,PAYAS,Hatay,29.67300,25.80400,25.40600,63.54%,36.45%,-0.0280
478,REYHANLI,Hatay,64.75200,51.74500,51.23300,83.55%,16.44%,-0.5400
484,SAMANDAĞ,Hatay,84.30800,72.83600,72.55100,7.49%,92.50%,-0.0290
614,YAYLADAĞI,Hatay,24.70500,22.14600,21.82400,82.13%,17.86%,-0.8630
648,AKSU,Isparta,3.48100,2.96500,2.86300,61.12%,38.87%,-0.6790
53,ATABEY,Isparta,4.66800,4.21000,4.14300,56.26%,43.73%,-0.2990
195,EĞİRDİR,Isparta,23.68300,20.50400,20.07600,61.79%,38.20%,-0.0870
238,GELENDOST,Isparta,11.85200,9.92500,9.72700,54.88%,45.11%,-0.6410
822,GÖNEN,Isparta,5.63700,5.07000,4.99100,50.75%,49.24%,-0.0340
298,ISPARTA MERKEZ,Isparta,190.54700,166.94100,164.19800,54.98%,45.01%,1.5510
350,KEÇİBORLU,Isparta,11.20700,9.98200,9.78600,59.93%,40.06%,-0.1470
508,SENİRKENT,Isparta,8.55900,7.39100,7.20000,57.23%,42.76%,-0.3870
541,SÜTÇÜLER,Isparta,8.22500,7.10500,6.97800,81.06%,18.93%,-0.8110
544,ŞARKİKARAAĞAÇ,Isparta,19.57800,16.59400,16.14100,61.78%,38.21%,-0.2490
592,ULUBORLU,Isparta,4.48200,3.88800,3.80800,56.01%,43.98%,-0.1130
610,YALVAÇ,Isparta,34.78600,28.13300,27.56000,64.03%,35.96%,-0.1000
893,YENİŞARBADEMLİ,Isparta,1.94900,1.63000,1.59400,55.52%,44.47%,-0.4210
991,AKDENİZ,Mersin,176.96700,151.96700,150.18400,33.25%,66.74%,1.1830
35,ANAMUR,Mersin,52.94400,46.42000,45.63100,44.61%,55.38%,0.3160
659,AYDINCIK,Mersin,8.90700,7.97700,7.82600,53.42%,46.57%,-0.1860
672,BOZYAZI,Mersin,20.97100,18.84700,18.42600,51.17%,48.82%,-0.2110
785,ÇAMLIYAYLA,Mersin,7.09700,6.24300,6.14300,59.80%,40.19%,-0.5050
209,ERDEMLİ,Mersin,111.79200,98.40800,97.16700,54.76%,45.23%,0.3310
263,GÜLNAR,Mersin,20.52900,18.20000,17.85800,55.85%,44.14%,-0.2780
992,MEZİTLİ,Mersin,157.98800,135.51700,134.31300,31.27%,68.72%,1.1470
429,MUT,Mersin,48.51200,42.57200,41.93600,52.67%,47.32%,-0.1790
514,SİLİFKE,Mersin,97.80900,85.41500,84.39900,41.72%,58.27%,0.5190
558,TARSUS,Mersin,250.84200,214.53000,212.11700,42.80%,57.19%,0.6130
993,TOROSLAR,Mersin,226.84300,192.41400,190.21500,43.34%,56.65%,0.3960
994,YENİŞEHİR,Mersin,200.30500,172.30600,170.86200,25.95%,74.04%,1.9480
3,ADALAR,İstanbul,13.51600,11.54600,11.43200,25.82%,74.17%,1.8220
963,ARNAVUTKÖY,İstanbul,220.11300,191.09200,188.77900,63.68%,36.31%,0.7710
964,ATAŞEHİR,İstanbul,318.70700,283.52900,281.20600,41.74%,58.25%,3.5450
895,AVCILAR,İstanbul,302.70500,262.14000,260.00600,42.07%,57.92%,1.6400
896,BAĞCILAR,İstanbul,517.68800,453.63600,448.89100,59.68%,40.31%,2.3460
897,BAHÇELİEVLER,İstanbul,425.69800,372.43300,368.90900,50.48%,49.51%,2.4230
65,BAKIRKÖY,İstanbul,169.46200,148.25700,147.20500,23.79%,76.20%,4.4650
965,BAŞAKŞEHİR,İstanbul,318.24300,280.75500,277.85700,54.87%,45.12%,3.4680
779,BAYRAMPAŞA,İstanbul,200.97700,178.11600,176.26700,52.75%,47.24%,2.2660
82,BEŞİKTAŞ,İstanbul,134.74000,118.85000,118.16200,17.48%,82.51%,5.9400
84,BEYKOZ,İstanbul,187.56800,166.60600,164.78700,54.19%,45.80%,1.7320
966,BEYLİKDÜZÜ,İstanbul,270.70800,237.22900,235.40800,42.26%,57.73%,2.5030
85,BEYOĞLU,İstanbul,167.92900,143.86700,142.51200,49.82%,50.17%,3.3940
675,BÜYÜKÇEKMECE,İstanbul,197.54100,173.04000,171.69500,44.70%,55.29%,1.8910
135,ÇATALCA,İstanbul,60.93000,54.69700,54.11200,43.01%,56.98%,0.7610
967,ÇEKMEKÖY,İstanbul,212.05100,189.41200,187.50000,51.18%,48.81%,1.4500
908,ESENLER,İstanbul,317.06800,280.48600,277.47800,64.18%,35.81%,1.3540
968,ESENYURT,İstanbul,643.87800,547.60600,542.69800,45.95%,54.04%,2.4790
223,EYÜPSULTAN,İstanbul,309.14700,273.71900,271.00100,47.90%,52.09%,1.8390
225,FATİH,İstanbul,264.89800,224.76500,222.40100,53.99%,46%,4.2260
233,GAZİOSMANPAŞA,İstanbul,357.73400,312.33200,309.50000,56.98%,43.01%,1.4600
902,GÜNGÖREN,İstanbul,200.70900,174.70800,172.86800,54.05%,45.94%,1.9200
316,KADIKÖY,İstanbul,389.22400,348.00300,345.95100,17.55%,82.44%,4.9100
703,KAĞITHANE,İstanbul,334.24500,292.28300,289.66000,52.50%,47.49%,2.1740
344,KARTAL,İstanbul,368.70000,328.22400,325.18100,42.16%,57.83%,2.3210
716,KÜÇÜKÇEKMECE,İstanbul,573.17200,499.71300,495.16800,43.97%,56.02%,2.1610
904,MALTEPE,İstanbul,400.61200,355.50600,352.49000,37.53%,62.46%,2.6850
728,PENDİK,İstanbul,547.63300,483.50100,478.48300,55.68%,44.31%,2.4850
969,SANCAKTEPE,İstanbul,343.65200,303.39500,300.59900,50.19%,49.80%,1.2750
497,SARIYER,İstanbul,260.74300,229.81500,227.79700,40.52%,59.47%,3.2490
515,SİLİVRİ,İstanbul,151.29800,132.68300,131.51400,41.72%,58.27%,1.3120
906,SULTANBEYLİ,İstanbul,244.88800,214.08600,211.52300,67.13%,32.86%,0.6840
970,SULTANGAZİ,İstanbul,377.36200,336.26300,333.05500,59.67%,40.32%,0.8160
552,ŞİLE,İstanbul,34.44800,31.06700,30.69700,51.18%,48.81%,0.6980
556,ŞİŞLİ,İstanbul,203.19500,173.76500,172.54600,28.73%,71.26%,6.9590
907,TUZLA,İstanbul,207.94100,185.12800,183.38200,48.79%,51.20%,2.7300
745,ÜMRANİYE,İstanbul,534.49300,474.27600,469.20600,53.73%,46.26%,3.3640
601,ÜSKÜDAR,İstanbul,402.86400,356.04900,352.14300,47.07%,52.92%,3.0450
632,ZEYTİNBURNU,İstanbul,189.13600,161.58100,159.78500,51.58%,48.41%,2.3820
28,ALİAĞA,İzmir,74.28200,65.62800,64.85400,36.50%,63.49%,1.1540
898,BALÇOVA,İzmir,61.34200,54.35800,53.98900,22.27%,77.72%,2.9020
77,BAYINDIR,İzmir,31.52400,27.75500,27.38100,44.70%,55.29%,-0.3040
962,BAYRAKLI,İzmir,233.25400,203.81400,201.90000,35.89%,64.10%,1.3220
80,BERGAMA,İzmir,83.79300,74.07800,73.06500,43.98%,56.01%,0.3790
669,BEYDAĞ,İzmir,9.88200,8.84400,8.61900,37.75%,62.24%,-0.4810
102,BORNOVA,İzmir,340.45600,298.63900,296.06500,32.80%,67.19%,3.0280
673,BUCA,İzmir,393.99700,337.50500,334.41400,34.84%,65.15%,1.2270
149,ÇEŞME,İzmir,39.46800,33.39900,33.17200,25.25%,74.74%,1.9980
899,ÇİĞLİ,İzmir,165.85300,146.93400,145.87500,26.95%,73.04%,2.0460
178,DİKİLİ,İzmir,40.42300,35.40800,35.08600,24.38%,75.61%,0.6090
232,FOÇA,İzmir,27.74300,23.81500,23.60200,25.75%,74.24%,0.8440
901,GAZİEMİR,İzmir,103.59800,90.94600,90.07400,32.68%,67.31%,2.0310
910,GÜZELBAHÇE,İzmir,28.59500,25.53400,25.37400,18.18%,81.81%,1.8820
961,KARABAĞLAR,İzmir,372.35700,321.49400,318.74700,36.38%,63.61%,1.0780
327,KARABURUN,İzmir,10.61300,9.34500,9.25800,26.20%,73.79%,0.6760
343,KARŞIYAKA,İzmir,280.42300,251.53100,250.03000,16.99%,83%,2.2220
355,KEMALPAŞA,İzmir,86.95300,76.99900,76.03300,50.49%,49.50%,0.9830
361,KINIK,İzmir,21.58400,19.74200,19.46400,39.29%,60.70%,-0.2970
371,KİRAZ,İzmir,33.94900,29.18600,28.55200,54.79%,45.20%,-0.5990
712,KONAK,İzmir,266.59900,224.69500,222.85700,28.60%,71.39%,3.4650
719,MENDERES,İzmir,82.32700,71.20800,70.44400,39.89%,60.10%,0.9030
414,MENEMEN,İzmir,147.84800,127.74100,126.39500,34.24%,65.75%,0.8380
905,NARLIDERE,İzmir,50.03900,44.97800,44.69300,15%,84.99%,1.6320
456,ÖDEMİŞ,İzmir,104.64500,90.56300,89.28500,45.62%,54.37%,0.3360
504,SEFERİHİSAR,İzmir,44.74600,39.08200,38.74400,27.57%,72.42%,0.9240
505,SELÇUK,İzmir,30.09000,26.44500,26.16100,32.15%,67.84%,0.6900
570,TİRE,İzmir,69.21100,59.61200,58.90300,41.72%,58.27%,0.5000
575,TORBALI,İzmir,152.86500,133.28000,131.82000,40.13%,59.86%,0.9270
596,URLA,İzmir,59.24200,52.21300,51.84500,20.76%,79.23%,1.7680
649,AKYAKA,Kars,7.24200,5.25200,5.17600,47.48%,52.51%,-0.8320
48,ARPAÇAY,Kars,11.22000,8.37500,8.24300,49.99%,50%,-0.9430
177,DİGOR,Kars,13.10400,9.07300,8.93400,18.99%,81%,-1.1640
319,KAĞIZMAN,Kars,29.39800,20.45700,20.10400,51.03%,48.96%,-0.7840
342,KARS MERKEZ,Kars,78.22200,60.99400,60.14300,36.75%,63.24%,0.3980
494,SARIKAMIŞ,Kars,24.88800,17.35800,17.01000,63.80%,36.19%,-0.8040
507,SELİM,Kars,14.70600,11.02200,10.83200,53.82%,46.17%,-0.9770
538,SUSUZ,Kars,6.62600,5.08400,4.99800,34.69%,65.30%,-1.0640
1,ABANA,Kastamonu,3.45500,2.96200,2.91100,64.82%,35.17%,0.0840
760,AĞLI,Kastamonu,2.55600,2.16800,2.12600,79.49%,20.50%,-0.5030
39,ARAÇ,Kastamonu,14.94100,12.83200,12.55400,71.02%,28.97%,-0.5650
61,AZDAVAY,Kastamonu,6.14000,5.06500,4.96800,60.95%,39.04%,-0.4530
107,BOZKURT,Kastamonu,7.62000,6.46900,6.37900,76.40%,23.59%,-0.2250
119,CİDE,Kastamonu,18.60500,15.33800,15.05300,69.64%,30.35%,-0.5330
136,ÇATALZEYTİN,Kastamonu,5.77600,4.71200,4.62100,75.30%,24.69%,-0.4480
162,DADAY,Kastamonu,6.93200,5.88200,5.78700,62.32%,37.67%,-0.4510
175,DEVREKANİ,Kastamonu,10.13600,8.57800,8.45600,76.56%,23.43%,-0.4160
808,DOĞANYURT,Kastamonu,4.53600,3.55900,3.47000,83.68%,16.31%,-1.1130
833,HANÖNÜ,Kastamonu,3.55200,2.99400,2.94000,67.24%,32.75%,-0.4270
698,İHSANGAZİ,Kastamonu,4.34800,3.76000,3.69100,81.95%,18.04%,-0.4900
307,İNEBOLU,Kastamonu,15.99900,13.46800,13.23500,74.15%,25.84%,-0.2360
345,KASTAMONU MERKEZ,Kastamonu,111.53400,95.87500,94.17000,63.17%,36.82%,0.8920
392,KÜRE,Kastamonu,4.33500,3.59500,3.51700,72.24%,27.75%,-0.5640
729,PINARBAŞI,Kastamonu,5.16100,4.04600,3.97000,68.56%,31.43%,-0.6300
877,SEYDİLER,Kastamonu,3.57900,3.08500,3.04200,73.60%,26.39%,-0.1690
738,ŞENPAZAR,Kastamonu,3.63900,2.96900,2.88400,75.72%,24.27%,-0.8590
559,TAŞKÖPRÜ,Kastamonu,30.87200,26.09000,25.66200,71.51%,28.48%,-0.3190
578,TOSYA,Kastamonu,32.09200,28.09200,27.64800,81.71%,18.28%,-0.0660
645,AKKIŞLA,Kayseri,4.81200,3.98500,3.88700,57.75%,42.24%,-0.8120
116,BÜNYAN,Kayseri,20.03300,17.23600,17.02900,71.58%,28.41%,-0.3790
173,DEVELİ,Kayseri,49.54400,43.25400,42.66900,77.17%,22.82%,-0.1390
228,FELAHİYE,Kayseri,4.53200,3.49500,3.41600,65.42%,34.57%,-0.5520
829,HACILAR,Kayseri,9.55500,8.94600,8.81400,81.72%,18.27%,0.9630
306,İNCESU,Kayseri,21.31100,18.93700,18.56800,73.02%,26.97%,-0.2950
756,KOCASİNAN,Kayseri,290.72000,255.53600,251.81000,67.20%,32.79%,1.5580
757,MELİKGAZİ,Kayseri,415.81600,368.69700,363.72300,68.33%,31.66%,1.9830
871,ÖZVATAN,Kayseri,3.27800,2.76800,2.71500,75.54%,24.45%,-0.3250
469,PINARBAŞI,Kayseri,16.99200,13.71300,13.53300,61.56%,38.43%,-0.5120
496,SARIOĞLAN,Kayseri,10.59400,8.97000,8.83100,68.04%,31.95%,-0.6130
498,SARIZ,Kayseri,7.98400,6.42500,6.34600,57.76%,42.23%,-0.6700
739,TALAS,Kayseri,117.36200,102.38500,101.00500,58.45%,41.54%,0.6310
573,TOMARZA,Kayseri,16.36500,14.20000,13.96200,76.26%,23.73%,-0.6740
608,YAHYALI,Kayseri,26.81300,24.08400,23.76300,83.48%,16.51%,-0.3950
620,YEŞİLHİSAR,Kayseri,12.29200,10.87800,10.72600,66.11%,33.88%,-0.2090
62,BABAESKİ,Kırklareli,38.69200,34.32300,34.03600,25.76%,74.23%,0.2520
168,DEMİRKÖY,Kırklareli,7.27600,6.25800,6.15700,48.56%,51.43%,-0.2860
365,KIRKLARELİ MERKEZ,Kırklareli,80.24400,69.82600,69.06800,35.47%,64.52%,0.8500
374,KOFÇAZ,Kırklareli,1.91800,1.76100,1.73600,40.89%,59.10%,-0.6770
398,LÜLEBURGAZ,Kırklareli,122.31100,109.63100,108.82600,28.91%,71.08%,1.1200
465,PEHLİVANKÖY,Kırklareli,3.05000,2.70000,2.66300,30.15%,69.84%,-0.3870
470,PINARHİSAR,Kırklareli,14.49700,13.02100,12.86600,35.93%,64.06%,0.0020
607,VİZE,Kırklareli,23.96300,20.97400,20.77400,33.72%,66.27%,-0.0320
762,AKÇAKENT,Kırşehir,3.08900,2.61900,2.57600,79.96%,20.03%,-0.8160
647,AKPINAR,Kırşehir,5.93000,4.92200,4.83600,63.56%,36.43%,-0.5960
783,BOZTEPE,Kırşehir,4.27400,3.78600,3.75100,43.45%,56.54%,-0.5840
152,ÇİÇEKDAĞI,Kırşehir,10.94700,9.48500,9.35500,72.19%,27.80%,-0.6970
324,KAMAN,Kırşehir,26.57600,21.00300,20.70200,58.68%,41.31%,-0.1260
366,KIRŞEHİR MERKEZ,Kırşehir,109.38200,91.95300,90.62900,54.37%,45.62%,0.6860
422,MUCUR,Kırşehir,14.15600,12.19300,12.01600,62.60%,37.39%,-0.2810
995,BAŞİSKELE,Kocaeli,82.83200,75.26000,74.27700,64.40%,35.59%,1.5620
996,ÇAYIROVA,Kocaeli,107.15300,94.35900,93.41000,58.75%,41.24%,0.9620
997,DARICA,Kocaeli,163.52600,144.76600,143.07200,55.68%,44.31%,0.6030
922,DERİNCE,Kocaeli,110.68200,98.06200,96.73700,54.23%,45.76%,0.6800
998,DİLOVASI,Kocaeli,36.08100,30.23300,29.75000,56.38%,43.61%,0.6650
235,GEBZE,Kocaeli,294.85700,260.01600,256.95300,59.95%,40.04%,2.3340
252,GÖLCÜK,Kocaeli,131.67200,116.62500,115.19200,56.16%,43.83%,0.8920
999,İZMİT,Kocaeli,275.57600,244.02700,240.80400,51.39%,48.60%,2.0230
325,KANDIRA,Kocaeli,39.41800,35.42200,34.84200,67.32%,32.67%,-0.2350
335,KARAMÜRSEL,Kocaeli,45.99800,39.22600,38.64400,58.06%,41.93%,0.3280
1000,KARTEPE,Kocaeli,100.29600,90.30600,89.00200,61.10%,38.89%,0.8370
714,KÖRFEZ,Kocaeli,129.32700,113.00900,111.47600,54.26%,45.73%,0.5500
761,AHIRLI,Konya,3.72000,3.21500,3.12900,74.84%,25.15%,-0.9070
646,AKÖREN,Konya,4.25400,3.76400,3.69100,81.44%,18.55%,-0.6720
22,AKŞEHİR,Konya,71.87700,60.33300,59.31100,63.02%,36.97%,0.3720
653,ALTINEKİN,Konya,10.26500,9.49000,9.34100,85.16%,14.83%,-0.6410
87,BEYŞEHİR,Konya,57.77200,50.43800,49.46000,72.24%,27.75%,0.3690
106,BOZKIR,Konya,19.09000,15.98100,15.66700,76.48%,23.51%,-0.5740
120,CİHANBEYLİ,Konya,37.69000,27.04000,26.69100,55.54%,44.45%,-0.1590
795,ÇELTİK,Konya,7.24100,5.81100,5.70700,71.78%,28.21%,-0.5440
160,ÇUMRA,Konya,48.59400,43.51000,42.77100,80.59%,19.40%,-0.2330
800,DERBENT,Konya,3.36900,3.12300,3.05000,73.04%,26.95%,-0.9360
682,DEREBUCAK,Konya,4.70800,3.68600,3.59600,71.44%,28.55%,-0.6210
183,DOĞANHİSAR,Konya,12.57500,10.86800,10.47500,67.90%,32.09%,-0.6160
813,EMİRGAZİ,Konya,5.66400,4.53300,4.46800,66.49%,33.50%,-0.7330
210,EREĞLİ,Konya,110.78400,93.09000,91.84900,57.60%,42.39%,0.4530
826,GÜNEYSINIR,Konya,6.90000,6.34000,6.24200,89.55%,10.44%,-0.6210
272,HADİM,Konya,8.74800,7.53500,7.34700,72.85%,27.14%,-0.6810
830,HALKAPINAR,Konya,3.29500,2.93000,2.89900,75.85%,24.14%,-0.7650
697,HÜYÜK,Konya,12.56900,11.01800,10.77800,66.70%,33.29%,-0.5060
297,ILGIN,Konya,41.43900,35.70300,34.98200,70.53%,29.46%,-0.1210
317,KADINHANI,Konya,22.64900,20.48000,20.18400,83.07%,16.92%,-0.5260
336,KARAPINAR,Konya,36.07800,30.93900,30.49700,70.86%,29.13%,-0.1610
707,KARATAY,Konya,249.85100,217.69700,214.65600,82.18%,17.81%,1.4810
384,KULU,Konya,37.31100,25.56100,25.22600,66.09%,33.90%,-0.1250
720,MERAM,Konya,241.01800,212.76700,209.74600,78.94%,21.05%,1.0530
491,SARAYÖNÜ,Konya,20.79400,18.61100,18.36500,83.45%,16.54%,-0.3860
732,SELÇUKLU,Konya,476.45000,413.33200,407.02500,71.33%,28.66%,2.5620
510,SEYDİŞEHİR,Konya,50.17500,44.18000,43.21400,60.07%,39.92%,0.2280
741,TAŞKENT,Konya,4.43300,3.84100,3.72200,70.47%,29.52%,-0.7100
883,TUZLUKÇU,Konya,5.08100,4.28200,4.20100,60%,39.99%,-0.6860
887,YALIHÜYÜK,Konya,1.50900,1.25000,1.21100,78.44%,21.55%,-0.6820
628,YUNAK,Konya,15.99700,12.27000,12.01500,75.26%,24.73%,-0.5590
32,ALTINTAŞ,Kütahya,12.12900,10.53300,10.34900,75.33%,24.66%,-0.5160
657,ASLANAPA,Kütahya,6.88400,6.34700,6.18600,86.79%,13.20%,-0.7820
791,ÇAVDARHİSAR,Kütahya,5.06300,4.34500,4.22700,69.67%,30.32%,-0.5620
186,DOMANİÇ,Kütahya,11.90600,10.55700,10.32100,69.29%,30.70%,-0.4830
683,DUMLUPINAR,Kütahya,2.42900,1.97900,1.93400,69.44%,30.55%,-0.2260
202,EMET,Kütahya,14.94000,13.22100,12.95400,75.89%,24.10%,-0.2990
236,GEDİZ,Kütahya,38.21500,34.24900,33.57100,69.70%,30.29%,-0.0830
695,HİSARCIK,Kütahya,9.09900,8.08300,7.88000,72.34%,27.65%,-0.5140
393,KÜTAHYA MERKEZ,Kütahya,193.17700,172.74100,169.97600,68.44%,31.55%,1.2300
872,PAZARLAR,Kütahya,4.01500,3.58600,3.51000,77.06%,22.93%,-0.5920
518,SİMAV,Kütahya,49.69400,44.22000,43.21500,70.64%,29.35%,-0.0270
736,ŞAPHANE,Kütahya,4.73700,4.18200,4.06400,70.84%,29.15%,-0.5160
564,TAVŞANLI,Kütahya,78.54900,70.68700,69.23000,72.85%,27.14%,0.3090
14,AKÇADAĞ,Malatya,20.88200,17.80700,17.60700,59.75%,40.24%,-0.5140
42,ARAPGİR,Malatya,8.16900,6.85100,6.76900,57.11%,42.88%,-0.3930
47,ARGUVAN,Malatya,5.81300,5.28000,5.25500,20.79%,79.20%,-0.8770
665,BATTALGAZİ,Malatya,192.72800,151.94900,150.26300,79.26%,20.73%,0.8130
163,DARENDE,Malatya,18.96900,16.18600,16.00900,82.33%,17.66%,-0.4300
184,DOĞANŞEHİR,Malatya,26.70900,22.16700,21.82600,59.79%,40.20%,-0.5900
807,DOĞANYOL,Malatya,3.04100,2.46900,2.41900,82.47%,17.52%,-0.9730
287,HEKİMHAN,Malatya,12.98000,11.48500,11.34100,44.77%,55.22%,-0.6060
846,KALE,Malatya,4.60100,4.18300,4.15600,89.84%,10.15%,-0.7170
862,KULUNCAK,Malatya,5.81800,5.09600,5.03600,67.05%,32.94%,-0.8730
475,PÜTÜRGE,Malatya,10.30100,8.46000,8.38100,83.73%,16.26%,-1.0970
888,YAZIHAN,Malatya,9.29300,8.06000,7.99200,66.17%,33.82%,-0.6960
622,YEŞİLYURT,Malatya,212.64800,165.01800,163.03000,70.52%,29.47%,1.0230
644,AHMETLİ,Manisa,13.29800,11.86200,11.67300,53.58%,46.41%,-0.2920
18,AKHİSAR,Manisa,138.14800,123.07500,121.37100,48%,51.99%,0.5430
27,ALAŞEHİR,Manisa,78.84300,69.09700,67.91700,50.80%,49.19%,0.0380
167,DEMİRCİ,Manisa,28.94900,25.85600,25.29200,71.52%,28.47%,-0.1920
686,GÖLMARMARA,Manisa,11.68800,10.50600,10.34400,42.97%,57.02%,-0.5430
259,GÖRDES,Manisa,21.93000,19.55300,19.08600,65.48%,34.51%,-0.3620
364,KIRKAĞAÇ,Manisa,30.71900,27.64300,27.14900,68.96%,31.03%,-0.2190
858,KÖPRÜBAŞI,Manisa,10.58700,9.38300,9.15900,57.79%,42.20%,-0.4120
382,KULA,Manisa,34.78300,30.84100,30.23300,60.76%,39.23%,-0.1190
483,SALİHLİ,Manisa,128.09100,112.85700,111.36800,42.06%,57.93%,0.6160
493,SARIGÖL,Manisa,28.23800,25.25200,24.77800,43.14%,56.85%,-0.3000
499,SARUHANLI,Manisa,44.20800,39.86700,39.31700,45.59%,54.40%,-0.1920
506,SELENDİ,Manisa,15.54300,13.68300,13.42400,67.38%,32.61%,-0.5280
527,SOMA,Manisa,83.51200,74.99900,73.95500,55.58%,44.41%,0.4160
1037,ŞEHZADELER,Manisa,122.02600,107.40700,106.00200,48.07%,51.92%,0.7970
582,TURGUTLU,Manisa,129.49800,112.34300,110.89200,50.71%,49.28%,0.4890
1038,YUNUSEMRE,Manisa,187.91700,167.19100,165.08800,46.12%,53.87%,1.5810
7,AFŞİN,Kahramanmaraş,53.19900,43.06600,42.38800,74.26%,25.73%,-0.3070
36,ANDIRIN,Kahramanmaraş,25.66800,22.13600,21.70000,69.47%,30.52%,-0.7180
1027,ÇAĞLAYANCERİT,Kahramanmaraş,16.41700,13.74500,13.52200,66.25%,33.74%,-0.8400
1045,DULKADİROĞLU,Kahramanmaraş,142.81100,121.12900,119.72600,83.43%,16.56%,0.5950
812,EKİNÖZÜ,Kahramanmaraş,7.49900,6.30700,6.17900,67.63%,32.36%,-0.9200
197,ELBİSTAN,Kahramanmaraş,87.80200,66.51000,65.53700,67.58%,32.41%,0.1300
250,GÖKSUN,Kahramanmaraş,35.08500,28.33300,27.87100,75.46%,24.53%,-0.5020
868,NURHAK,Kahramanmaraş,8.58300,6.42700,6.32100,35.75%,64.24%,-0.6610
1046,ONİKİŞUBAT,Kahramanmaraş,282.22500,240.91100,237.96700,78.83%,21.16%,0.6860
463,PAZARCIK,Kahramanmaraş,47.04400,37.34200,36.88500,56.22%,43.77%,-0.3880
587,TÜRKOĞLU,Kahramanmaraş,47.99000,41.42100,40.95600,81.86%,18.13%,-0.4770
1040,ARTUKLU,Mardin,118.76400,98.43700,96.81600,51.57%,48.42%,0.3110
680,DARGEÇİT,Mardin,17.39700,12.60800,12.23100,31.77%,68.22%,-0.8660
171,DERİK,Mardin,37.21300,28.49800,28.17900,21.23%,78.76%,-1.0850
368,KIZILTEPE,Mardin,162.33000,131.76800,130.09500,20.33%,79.66%,-0.2010
412,MAZIDAĞI,Mardin,21.99800,16.93700,16.51000,24.48%,75.51%,-1.0190
419,MİDYAT,Mardin,77.01900,56.91100,55.56700,55.99%,44%,-0.3600
440,NUSAYBİN,Mardin,74.06700,55.67300,54.61400,16.26%,83.73%,-0.3950
457,ÖMERLİ,Mardin,9.18600,7.30300,7.11400,57.63%,42.36%,-0.8580
502,SAVUR,Mardin,16.16100,11.85800,11.62800,49.73%,50.26%,-1.1870
894,YEŞİLLİ,Mardin,8.52100,8.00900,7.88000,76.58%,23.41%,-0.9360
96,BODRUM,Muğla,151.05400,128.59700,127.73700,21.35%,78.64%,2.4830
635,DALAMAN,Muğla,35.80600,31.18300,30.81300,38.64%,61.35%,0.5480
164,DATÇA,Muğla,21.03700,18.21000,18.05100,23.73%,76.26%,0.9230
229,FETHİYE,Muğla,129.67200,112.33100,111.13400,38.41%,61.58%,1.5220
851,KAVAKLIDERE,Muğla,8.50500,7.80600,7.59600,60.13%,39.86%,-0.3400
381,KÖYCEĞİZ,Muğla,31.17100,26.97200,26.54700,42.52%,57.47%,0.2050
410,MARMARİS,Muğla,73.47800,61.89400,61.33400,28.56%,71.43%,1.6710
1053,MENTEŞE,Muğla,88.87700,78.97500,77.86700,30.80%,69.19%,1.5550
421,MİLAS,Muğla,116.73100,102.71100,101.44900,31.88%,68.11%,0.6810
724,ORTACA,Muğla,42.63000,37.60700,37.26000,32.91%,67.08%,0.8840
1054,SEYDİKEMER,Muğla,49.20600,42.76200,41.95100,58.36%,41.63%,-0.5050
588,ULA,Muğla,22.18300,19.67900,19.36500,35.66%,64.33%,0.3550
612,YATAĞAN,Muğla,36.62800,33.32000,32.65100,38.56%,61.43%,0.1700
112,BULANIK,Muş,44.34600,30.26000,29.71800,20.76%,79.23%,-1.0360
694,HASKÖY,Muş,15.42800,13.52400,13.34600,79.53%,20.46%,-1.0320
857,KORKUT,Muş,14.12600,10.12400,9.86700,31.34%,68.65%,-1.2200
403,MALAZGİRT,Muş,27.50300,19.60800,19.22500,22.42%,77.57%,-1.0270
427,MUŞ MERKEZ,Muş,121.07800,89.97300,87.40800,53.65%,46.34%,-0.3030
604,VARTO,Muş,20.52300,15.25500,14.93200,10.78%,89.21%,-0.8440
642,ACIGÖL,Nevşehir,14.03300,12.60000,12.37200,89.32%,10.67%,-0.7460
54,AVANOS,Nevşehir,25.49400,22.09400,21.76400,56.01%,43.98%,-0.0440
172,DERİNKUYU,Nevşehir,15.22500,13.30000,13.11300,68.36%,31.63%,-0.6150
264,GÜLŞEHİR,Nevşehir,16.69900,14.29700,14.06200,71.19%,28.80%,-0.3850
271,HACIBEKTAŞ,Nevşehir,8.82900,7.82500,7.75300,32.42%,67.57%,-0.2110
378,KOZAKLI,Nevşehir,10.51800,8.98500,8.81500,57.99%,42%,-0.1300
436,NEVŞEHİR MERKEZ,Nevşehir,106.32400,93.91500,92.37800,70.26%,29.73%,1.0820
600,ÜRGÜP,Nevşehir,28.54900,25.29900,24.92000,60.66%,39.33%,0.5270
769,ALTUNHİSAR,Niğde,8.61600,6.88300,6.76900,79.37%,20.62%,-0.9750
100,BOR,Niğde,45.46900,39.69400,39.05400,64%,35.99%,0.1160
123,ÇAMARDI,Niğde,9.26100,7.52600,7.39600,75.17%,24.82%,-0.7330
797,ÇİFTLİK,Niğde,17.33900,13.45900,13.17900,61.50%,38.49%,-0.9770
437,NİĞDE MERKEZ,Niğde,161.73200,138.18400,136.00700,60.89%,39.10%,0.5750
593,ULUKIŞLA,Niğde,16.09300,13.77800,13.48600,52.53%,47.46%,-0.3140
19,AKKUŞ,Ordu,17.61200,14.01800,13.73000,79.41%,20.58%,-1.0120
1036,ALTINORDU,Ordu,175.16100,150.01200,148.24100,53.11%,46.88%,1.1210
57,AYBASTI,Ordu,15.94200,12.96100,12.67900,77.71%,22.28%,-0.4640
784,ÇAMAŞ,Ordu,7.08800,5.94600,5.82600,74.27%,25.72%,-0.7760
790,ÇATALPINAR,Ordu,10.11200,8.73200,8.63700,88.06%,11.93%,-0.8540
793,ÇAYBAŞI,Ordu,9.28800,7.68400,7.54600,83.95%,16.04%,-0.9320
226,FATSA,Ordu,96.22300,80.55700,79.52100,63.19%,36.80%,0.3630
255,GÖLKÖY,Ordu,21.46000,16.85100,16.48800,66.31%,33.68%,-0.6100
688,GÜLYALI,Ordu,7.33600,6.49600,6.41200,53.71%,46.28%,-0.1450
690,GÜRGENTEPE,Ordu,10.84000,9.39800,9.22800,52.62%,47.37%,-0.8590
840,İKİZCE,Ordu,10.72000,9.15400,8.99000,77.88%,22.11%,-0.9790
843,KABADÜZ,Ordu,6.03000,5.21900,5.12700,73.68%,26.31%,-0.7440
844,KABATAŞ,Ordu,8.41100,7.05800,6.91700,76.43%,23.56%,-0.8050
375,KORGAN,Ordu,20.87300,17.33300,17.05300,84.20%,15.79%,-0.7040
386,KUMRU,Ordu,22.05600,18.24200,17.98900,86.70%,13.29%,-0.6060
418,MESUDİYE,Ordu,11.09200,8.60700,8.47100,70.38%,29.61%,-0.8420
466,PERŞEMBE,Ordu,25.70500,21.63100,21.26800,54.25%,45.74%,-0.4180
589,ULUBEY,Ordu,15.12900,13.08100,12.84200,65.51%,34.48%,-0.7300
599,ÜNYE,Ordu,100.14000,85.45600,83.94100,72.58%,27.41%,0.2660
45,ARDEŞEN,Rize,32.34800,27.84500,27.50300,68.92%,31.07%,0.0780
126,ÇAMLIHEMŞİN,Rize,5.98000,5.11000,5.04200,74.09%,25.90%,-0.2870
139,ÇAYELİ,Rize,33.65000,29.60500,29.23500,83.19%,16.80%,0.0540
801,DEREPAZARI,Rize,5.56600,4.94000,4.87500,84.08%,15.91%,-0.3700
230,FINDIKLI,Rize,13.25300,11.48700,11.31100,51.02%,48.97%,0.0180
689,GÜNEYSU,Rize,11.89400,10.99800,10.85800,87.65%,12.34%,-0.1950
836,HEMŞİN,Rize,2.16300,1.79400,1.75800,65.30%,34.69%,-0.2700
302,İKİZDERE,Rize,5.44300,4.47600,4.42800,88.32%,11.67%,-0.5000
842,İYİDERE,Rize,6.98500,6.20900,6.14000,86.12%,13.87%,-0.1870
323,KALKANDERE,Rize,9.93100,8.79000,8.67100,83.49%,16.50%,-0.4530
462,PAZAR,Rize,25.76800,21.85200,21.56300,64.66%,35.33%,0.1990
479,RİZE MERKEZ,Rize,112.53500,98.24100,97.00900,77.63%,22.36%,1.0790
1004,ADAPAZARI,Sakarya,204.84100,179.59300,177.25100,63.29%,36.70%,1.3920
23,AKYAZI,Sakarya,70.56600,64.28300,63.38300,81.56%,18.43%,0.1530
1005,ARİFİYE,Sakarya,35.02300,31.16900,30.71400,71.36%,28.63%,1.1480
1006,ERENLER,Sakarya,66.56700,58.77300,57.94700,73.05%,26.94%,0.6900
818,FERİZLİ,Sakarya,21.29400,19.00900,18.75700,72.05%,27.94%,-0.1390
248,GEYVE,Sakarya,38.20800,33.98100,33.38200,72.22%,27.77%,-0.0430
288,HENDEK,Sakarya,65.50800,58.66600,57.90500,72.91%,27.08%,0.3280
848,KARAPÜRÇEK,Sakarya,9.85100,8.96000,8.81400,79.96%,20.03%,-0.4530
337,KARASU,Sakarya,54.05600,46.32200,45.80000,67.92%,32.07%,0.1590
348,KAYNARCA,Sakarya,18.89800,17.27800,17.04100,79.81%,20.18%,-0.3510
711,KOCAALİ,Sakarya,18.72300,16.51800,16.28300,72.21%,27.78%,-0.2530
726,PAMUKOVA,Sakarya,23.12200,20.59700,20.29800,72.13%,27.86%,-0.0240
488,SAPANCA,Sakarya,32.99800,29.51800,29.16000,63.29%,36.70%,0.6950
1007,SERDİVAN,Sakarya,108.35400,95.29100,93.84600,57.78%,42.21%,1.5270
879,SÖĞÜTLÜ,Sakarya,11.82700,10.63200,10.46500,67%,32.99%,-0.0770
740,TARAKLI,Sakarya,5.34100,4.96100,4.84700,80.75%,19.24%,-0.4370
1028,19 MAYIS,Samsun,20.70000,17.91400,17.67500,77.05%,22.94%,-0.1370
25,ALAÇAM,Samsun,20.29600,17.51200,17.20900,64.64%,35.35%,-0.4170
656,ASARCIK,Samsun,11.81100,9.74400,9.58700,86.72%,13.27%,-0.7450
1001,ATAKUM,Samsun,171.02000,148.58100,146.79200,44.97%,55.02%,1.7340
772,AYVACIK,Samsun,14.73500,12.40400,12.24200,87.37%,12.62%,-0.7840
63,BAFRA,Samsun,111.47200,95.27100,94.09600,68.07%,31.92%,0.2560
1002,CANİK,Samsun,73.19700,62.70200,61.92700,73.63%,26.36%,0.5530
132,ÇARŞAMBA,Samsun,106.25200,90.99600,89.80000,77.13%,22.86%,-0.0150
283,HAVZA,Samsun,30.30100,26.65500,26.25500,71.55%,28.44%,-0.1240
1003,İLKADIM,Samsun,245.51700,210.45800,207.75000,57.73%,42.26%,1.3430
347,KAVAK,Samsun,18.35400,16.20400,15.89700,72.55%,27.44%,-0.3310
394,LADİK,Samsun,13.31300,11.57000,11.36800,71.70%,28.29%,-0.2600
731,SALIPAZARI,Samsun,15.63100,13.95200,13.77300,79.98%,20.01%,-0.7300
742,TEKKEKÖY,Samsun,43.36800,38.45600,37.86400,67.63%,32.36%,0.6500
569,TERME,Samsun,57.42000,49.98900,49.33600,77.24%,22.75%,-0.2020
605,VEZİRKÖPRÜ,Samsun,64.82900,55.54900,54.71600,80.56%,19.43%,-0.5370
886,YAKAKENT,Samsun,7.13600,6.34800,6.21200,64.64%,35.35%,-0.5380
78,BAYKAN,Siirt,15.15000,11.31600,11.02300,50.04%,49.95%,-1.0610
215,ERUH,Siirt,11.02000,8.83700,8.53300,35.86%,64.13%,-1.0980
388,KURTALAN,Siirt,37.54500,27.88700,27.17800,31.48%,68.51%,-0.7460
468,PERVARİ,Siirt,16.69200,13.39800,12.98400,60.21%,39.78%,-1.3450
513,SİİRT MERKEZ,Siirt,106.76900,85.57800,83.61800,41.80%,58.19%,0.0740
555,ŞİRVAN,Siirt,12.26600,9.54300,9.36600,77%,22.99%,-1.2770
771,TİLLO,Siirt,2.69300,2.43200,2.40300,82.85%,17.14%,-1.0920
55,AYANCIK,Sinop,19.66700,16.39800,16.17000,62.62%,37.37%,0.1460
103,BOYABAT,Sinop,33.96500,29.21200,28.65200,72.30%,27.69%,-0.0030
803,DİKMEN,Sinop,4.17000,3.42000,3.33700,80.22%,19.77%,-1.0140
188,DURAĞAN,Sinop,12.98300,11.16100,10.96300,84.73%,15.26%,-0.6870
212,ERFELEK,Sinop,10.56800,8.93500,8.80100,60.48%,39.51%,-0.5850
246,GERZE,Sinop,23.11000,19.78900,19.44900,61.81%,38.18%,-0.1060
874,SARAYDÜZÜ,Sinop,4.95700,4.30100,4.20300,79.84%,20.15%,-0.7510
520,SİNOP MERKEZ,Sinop,50.00300,43.58100,42.96900,41.55%,58.44%,0.9170
586,TÜRKELİ,Sinop,12.51800,10.25000,10.09400,80.10%,19.89%,-0.1940
763,AKINCILAR,Sivas,4.12500,3.48400,3.44800,78.24%,21.75%,-0.5110
768,ALTINYAYLA,Sivas,6.42700,5.48700,5.41400,85.35%,14.64%,-0.6640
180,DİVRİĞİ,Sivas,13.28700,12.08000,11.93500,29.66%,70.33%,-0.2180
806,DOĞANŞAR,Sivas,2.30400,2.00100,1.96800,92.63%,7.36%,-0.6250
239,GEMEREK,Sivas,17.06600,14.08600,13.78500,61.67%,38.32%,-0.4780
820,GÖLOVA,Sivas,2.73800,2.19600,2.17900,84.30%,15.69%,-0.5940
270,GÜRÜN,Sivas,13.86300,11.53300,11.36000,69.89%,30.10%,-0.4750
273,HAFİK,Sivas,7.17100,6.50900,6.41900,61.22%,38.77%,-0.7420
304,İMRANLI,Sivas,5.94600,5.15100,5.10000,35.84%,64.15%,-0.5870
326,KANGAL,Sivas,15.79600,13.51700,13.33300,62.66%,37.33%,-0.4720
377,KOYULHİSAR,Sivas,10.23400,8.64300,8.47800,77.22%,22.77%,-0.7480
521,SİVAS MERKEZ,Sivas,269.63400,235.98500,232.39900,76.41%,23.58%,1.1380
539,SUŞEHRİ,Sivas,19.41700,16.92600,16.66800,83.55%,16.44%,-0.2800
543,ŞARKIŞLA,Sivas,27.83100,23.41700,23.08900,74.03%,25.96%,-0.1780
884,ULAŞ,Sivas,6.37800,5.68900,5.60900,76.19%,23.80%,-0.5950
624,YILDIZELİ,Sivas,21.66900,18.21300,18.02300,79.43%,20.56%,-0.7620
631,ZARA,Sivas,17.22800,15.17200,15.01100,62%,37.99%,-0.4000
148,ÇERKEZKÖY,Tekirdağ,144.39800,124.80200,123.49300,49.01%,50.98%,1.0340
156,ÇORLU,Tekirdağ,218.63600,190.48600,188.88000,35.50%,64.49%,1.5770
1052,ERGENE,Tekirdağ,50.89100,44.66800,44.19500,41.31%,58.68%,0.6870
285,HAYRABOLU,Tekirdağ,24.66100,21.89100,21.61400,40.12%,59.87%,-0.1820
1051,KAPAKLI,Tekirdağ,98.68900,85.89900,85.12300,53.96%,46.03%,0.1490
404,MALKARA,Tekirdağ,41.77200,36.94100,36.44900,42.86%,57.13%,0.0680
718,MARMARAEREĞLİSİ,Tekirdağ,23.94700,20.48600,20.33200,36.54%,63.45%,0.2870
431,MURATLI,Tekirdağ,23.75300,21.15200,20.97200,33.31%,66.68%,0.1930
489,SARAY,Tekirdağ,40.16500,36.01100,35.66700,32.95%,67.04%,0.1250
1050,SÜLEYMANPAŞA,Tekirdağ,163.86100,143.75100,142.47200,36.10%,63.89%,1.3140
545,ŞARKÖY,Tekirdağ,28.25700,24.15800,23.85100,35.82%,64.17%,0.0970
29,ALMUS,Tokat,15.52400,13.67800,13.49400,51.60%,48.39%,-0.6260
50,ARTOVA,Tokat,5.82600,5.39800,5.32100,71.54%,28.45%,-0.5830
776,BAŞÇİFTLİK,Tokat,3.56300,2.78800,2.72400,72.06%,27.93%,-0.9360
206,ERBAA,Tokat,74.94000,65.42700,64.40900,70.70%,29.29%,-0.0970
438,NİKSAR,Tokat,47.18900,41.64900,40.98700,62.88%,37.11%,-0.1690
727,PAZAR,Tokat,10.06300,9.22500,9.10400,81.09%,18.90%,-0.6330
477,REŞADİYE,Tokat,22.62000,18.96500,18.64400,72.61%,27.38%,-0.6570
880,SULUSARAY,Tokat,4.79700,4.28600,4.20500,86.63%,13.36%,-0.9110
572,TOKAT MERKEZ,Tokat,146.21700,131.78700,130.06900,69.04%,30.95%,1.0150
583,TURHAL,Tokat,60.86000,54.12400,53.36600,61.42%,38.57%,0.0370
751,YEŞİLYURT,Tokat,6.15500,5.36000,5.26800,79.82%,20.17%,-0.7290
633,ZİLE,Tokat,42.51800,37.97000,37.42500,53.02%,46.97%,-0.1860
13,AKÇAABAT,Trabzon,96.18400,84.42800,82.97800,70.21%,29.78%,0.4050
40,ARAKLI,Trabzon,36.06700,29.67800,29.35400,85.02%,14.97%,-0.2400
49,ARSİN,Trabzon,23.35800,20.05900,19.82900,82.32%,17.67%,-0.0830
668,BEŞİKDÜZÜ,Trabzon,17.55100,15.17200,14.88200,47.37%,52.62%,0.1700
789,ÇARŞIBAŞI,Trabzon,12.35200,10.80800,10.59900,73.75%,26.24%,-0.3400
142,ÇAYKARA,Trabzon,11.04000,9.36900,9.15700,78.08%,21.91%,-0.0230
802,DERNEKPAZARI,Trabzon,3.22800,2.82400,2.75200,84.77%,15.22%,-0.3740
810,DÜZKÖY,Trabzon,10.64400,8.94400,8.80100,67.43%,32.56%,-0.6160
835,HAYRAT,Trabzon,6.59100,5.86500,5.80400,90.66%,9.33%,-0.6760
859,KÖPRÜBAŞI,Trabzon,3.74700,3.09900,3.05700,86.98%,13.01%,-0.4820
400,MAÇKA,Trabzon,20.52000,17.73100,17.47700,72.76%,27.23%,-0.1500
441,OF,Trabzon,34.17200,30.02100,29.62300,84.33%,15.66%,-0.0600
1039,ORTAHİSAR,Trabzon,242.28100,209.59800,206.68400,61.16%,38.83%,1.8070
540,SÜRMENE,Trabzon,20.23300,16.95400,16.65300,76.94%,23.05%,0.0560
735,ŞALPAZARI,Trabzon,8.92900,8.01700,7.85700,74.90%,25.09%,-0.5270
574,TONYA,Trabzon,11.30300,9.62700,9.32400,63.22%,36.77%,-0.4690
602,VAKFIKEBİR,Trabzon,21.47200,18.79800,18.49700,71.01%,28.98%,0.2680
625,YOMRA,Trabzon,32.91800,28.02800,27.64300,69.86%,30.13%,0.4800
145,ÇEMİŞGEZEK,Tunceli,5.80400,4.96300,4.88500,52.93%,47.06%,-0.4270
294,HOZAT,Tunceli,4.36300,3.85200,3.82100,13.42%,86.57%,-0.3040
411,MAZGİRT,Tunceli,6.35600,5.45700,5.41300,13.52%,86.47%,-0.5800
434,NAZIMİYE,Tunceli,2.67000,2.43000,2.39800,11.05%,88.94%,-0.7440
455,OVACIK,Tunceli,5.59200,4.89700,4.85900,9.69%,90.30%,-0.3750
467,PERTEK,Tunceli,8.75900,7.72700,7.66900,23.41%,76.58%,-0.4650
474,PÜLÜMÜR,Tunceli,3.08600,2.77800,2.74800,11.42%,88.57%,-0.4920
581,TUNCELİ MERKEZ,Tunceli,28.98300,25.28100,25.09700,12.35%,87.64%,1.0840
15,AKÇAKALE,Şanlıurfa,58.23500,50.49300,50.20300,92.91%,7.08%,-1.2580
93,BİRECİK,Şanlıurfa,56.85000,41.99700,41.48700,58.01%,41.98%,-0.6600
108,BOZOVA,Şanlıurfa,33.13000,24.34000,24.00100,58.84%,41.15%,-0.9470
118,CEYLANPINAR,Şanlıurfa,51.55500,41.21700,40.55500,53.13%,46.86%,-0.8350
1047,EYYÜBİYE,Şanlıurfa,204.21600,154.40400,152.87200,79.33%,20.66%,-0.5680
275,HALFETİ,Şanlıurfa,26.76800,18.99600,18.64700,42.34%,57.65%,-0.7980
1048,HALİLİYE,Şanlıurfa,227.65900,182.52400,180.54000,70.67%,29.32%,0.0960
693,HARRAN,Şanlıurfa,43.71000,39.27800,39.13000,95.34%,4.65%,-1.4470
290,HİLVAN,Şanlıurfa,26.48100,20.12200,19.84200,57.31%,42.68%,-0.8400
1049,KARAKÖPRÜ,Şanlıurfa,166.50800,138.66600,136.91900,62.24%,37.75%,0.4460
523,SİVEREK,Şanlıurfa,153.58900,107.08900,105.64200,53.70%,46.29%,-0.7970
536,SURUÇ,Şanlıurfa,60.04600,43.38100,42.82800,29.19%,70.80%,-0.9100
606,VİRANŞEHİR,Şanlıurfa,114.45600,88.93800,88.01500,49.78%,50.21%,-0.8030
69,BANAZ,Uşak,27.96800,24.26100,23.71900,53.42%,46.57%,-0.2640
221,EŞME,Uşak,27.80500,24.07300,23.65200,44.59%,55.40%,-0.1720
331,KARAHALLI,Uşak,8.17400,7.13500,6.94500,53.75%,46.24%,-0.6090
522,SİVASLI,Uşak,15.54500,13.73400,13.43800,51.39%,48.60%,-0.4340
590,ULUBEY,Uşak,10.19000,9.04100,8.85300,43.83%,56.16%,-0.2610
597,UŞAK MERKEZ,Uşak,191.27000,168.72800,165.98500,51.83%,48.16%,1.2040
663,BAHÇESARAY,Van,8.08100,6.04700,5.86200,60.38%,39.61%,-1.2440
74,BAŞKALE,Van,27.39300,19.24500,18.88500,22.98%,77.01%,-1.1300
679,ÇALDIRAN,Van,33.33200,20.66000,20.22300,30.10%,69.89%,-1.2200
134,ÇATAK,Van,11.97500,9.15200,8.91500,38.44%,61.55%,-1.0640
811,EDREMİT,Van,82.54800,63.78200,62.64400,36.80%,63.19%,-0.3770
207,ERCİŞ,Van,104.24300,67.97400,66.74300,46.78%,53.21%,-0.7150
247,GEVAŞ,Van,18.22000,13.90400,13.55900,52.99%,47%,-0.7940
269,GÜRPINAR,Van,20.80500,14.86600,14.52500,46.60%,53.39%,-1.1160
1042,İPEKYOLU,Van,229.59000,177.89400,174.78200,38.54%,61.45%,0.4040
426,MURADİYE,Van,27.51800,17.11000,16.74000,35.50%,64.49%,-1.1120
458,ÖZALP,Van,35.86200,23.41400,22.91900,19.58%,80.41%,-1.1590
873,SARAY,Van,11.80400,7.93000,7.74600,28.29%,71.70%,-1.2370
1041,TUŞBA,Van,97.44400,69.12700,67.91400,40.35%,59.64%,-0.1900
17,AKDAĞMADENİ,Yozgat,28.61000,22.28700,21.96900,81.21%,18.78%,-0.3930
770,AYDINCIK,Yozgat,7.66200,6.86900,6.77900,80.49%,19.50%,-0.9280
97,BOĞAZLIYAN,Yozgat,25.48900,21.68500,21.34400,63.32%,36.67%,-0.1970
788,ÇANDIR,Yozgat,3.45900,2.76800,2.71400,68.49%,31.50%,-0.2460
140,ÇAYIRALAN,Yozgat,9.30500,6.72400,6.61400,68.05%,31.94%,-0.3980
143,ÇEKEREK,Yozgat,14.17000,12.58400,12.39400,79.47%,20.52%,-0.6190
845,KADIŞEHRİ,Yozgat,7.48300,6.57200,6.46700,86.87%,13.12%,-0.8470
875,SARAYKENT,Yozgat,7.91400,6.19900,6.10200,89.49%,10.50%,-0.5870
495,SARIKAYA,Yozgat,23.95200,18.73200,18.47100,83.63%,16.36%,-0.4110
528,SORGUN,Yozgat,57.95800,49.73800,49.09100,82.96%,17.03%,-0.0380
548,ŞEFAATLİ,Yozgat,11.26700,9.49500,9.34600,69.09%,30.90%,-0.3620
891,YENİFAKILI,Yozgat,4.35400,3.79000,3.71700,58.81%,41.18%,-0.3520
619,YERKÖY,Yozgat,26.54800,22.37000,22.05300,70.40%,29.59%,0.0790
626,YOZGAT MERKEZ,Yozgat,72.63600,63.96700,62.96100,73.81%,26.18%,0.8120
651,ALAPLI,Zonguldak,33.10900,29.31100,28.76500,65.12%,34.87%,-0.1700
138,ÇAYCUMA,Zonguldak,74.45300,64.86100,63.16700,55.44%,44.55%,0.0800
174,DEVREK,Zonguldak,46.12900,38.14700,37.25300,64.17%,35.82%,-0.0380
211,EREĞLİ,Zonguldak,134.83400,118.23900,116.08400,54.86%,45.13%,0.6120
819,GÖKÇEBEY,Zonguldak,17.20100,14.57100,14.08600,54.82%,45.17%,-0.1700
1043,KİLİMLİ,Zonguldak,26.23100,22.38400,22.04000,50.79%,49.20%,-0.1970
1044,KOZLU,Zonguldak,36.40000,31.14500,30.65700,53.99%,46%,0.6220
634,ZONGULDAK MERKEZ,Zonguldak,89.80000,76.03300,74.79800,47.01%,52.98%,1.1890
753,AĞAÇÖREN,Aksaray,6.07900,5.00800,4.89900,82.20%,17.79%,-0.5630
20,AKSARAY MERKEZ,Aksaray,215.17200,181.45700,179.07600,74.85%,25.14%,0.9600
814,ESKİL,Aksaray,19.08000,16.95800,16.67100,80.42%,19.57%,-0.5420
825,GÜLAĞAÇ,Aksaray,13.61800,10.75300,10.60700,70.46%,29.53%,-0.6880
754,GÜZELYURT,Aksaray,7.87900,6.69600,6.60500,76.26%,23.73%,-0.7550
450,ORTAKÖY,Aksaray,23.22700,19.02600,18.70800,78.29%,21.70%,-0.2120
759,SARIYAHŞİ,Aksaray,3.71500,2.61000,2.54400,72.09%,27.90%,-0.4910
12008,SULTANHANI,Aksaray,8.09300,7.23800,7.12600,72.22%,27.77%,-0.6670
660,AYDINTEPE,Bayburt,4.88100,4.12300,4.04200,81.07%,18.92%,-0.5980
75,BAYBURT MERKEZ,Bayburt,46.51400,39.53500,38.89800,81.75%,18.24%,0.1610
681,DEMİRÖZÜ,Bayburt,5.82700,5.30100,5.24600,88.69%,11.30%,-0.7240
661,AYRANCI,Karaman,6.23800,5.30100,5.21200,62.52%,37.47%,-0.6830
777,BAŞYAYLA,Karaman,2.63700,2.22400,2.16400,79.34%,20.65%,-0.5280
214,ERMENEK,Karaman,21.24700,17.93800,17.48800,56.92%,43.07%,-0.2750
334,KARAMAN MERKEZ,Karaman,145.96500,126.73400,124.91400,67.62%,32.37%,0.7610
755,KAZIMKARABEKİR,Karaman,3.24100,2.88700,2.84700,72.95%,27.04%,0.0220
876,SARIVELİLER,Karaman,8.88100,7.45100,7.22500,53.09%,46.90%,-0.6310
773,BAHŞILI,Kırıkkale,5.65900,4.87200,4.78400,71.11%,28.88%,-0.0050
775,BALIŞEYH,Kırıkkale,4.89600,4.30100,4.25400,63.65%,36.34%,-0.5270
794,ÇELEBİ,Kırıkkale,2.03700,1.68100,1.67000,71.73%,28.26%,-0.6080
166,DELİCE,Kırıkkale,7.32900,6.38200,6.29300,66.16%,33.83%,-0.5670
847,KARAKEÇİLİ,Kırıkkale,2.35800,2.13600,2.10000,81.52%,18.47%,-0.4230
357,KESKİN,Kırıkkale,11.59700,9.70700,9.53200,71.88%,28.11%,-0.4800
363,KIRIKKALE MERKEZ,Kırıkkale,144.48700,121.89300,120.14500,63.58%,36.41%,0.7260
531,SULAKYURT,Kırıkkale,5.23700,4.56600,4.52000,59.53%,40.46%,-0.8090
885,YAHŞİHAN,Kırıkkale,19.85100,17.00100,16.75800,55.03%,44.96%,1.7780
73,BATMAN MERKEZ,Batman,306.49300,247.15400,241.46500,28.17%,71.82%,0.3670
83,BEŞİRİ,Batman,19.19600,15.57000,15.12200,36.08%,63.91%,-0.7920
242,GERCÜŞ,Batman,13.30700,10.20100,9.92800,53.93%,46.06%,-0.9620
834,HASANKEYF,Batman,5.15000,4.07800,3.91900,50.08%,49.91%,-0.6970
380,KOZLUK,Batman,37.51800,29.96700,29.35400,36.68%,63.31%,-0.8850
500,SASON,Batman,18.91800,14.21300,13.88800,62.01%,37.98%,-1.0630
88,BEYTÜŞŞEBAP,Şırnak,11.35100,8.60200,8.40800,34.68%,65.31%,-0.7230
121,CİZRE,Şırnak,91.67700,74.03900,72.58100,16.32%,83.67%,-0.4750
824,GÜÇLÜKONAK,Şırnak,6.90800,5.39600,5.24900,30.25%,69.74%,-0.9590
300,İDİL,Şırnak,43.63200,31.42400,30.82100,25.32%,74.67%,-0.8420
516,SİLOPİ,Şırnak,83.44200,68.56100,67.12800,19.67%,80.32%,-0.6210
554,ŞIRNAK MERKEZ,Şırnak,60.93000,51.48300,50.24700,34.94%,65.05%,-0.3330
591,ULUDERE,Şırnak,27.12300,19.78000,19.33800,26.94%,73.05%,-0.8100
654,AMASRA,Bartın,11.58000,9.77700,9.52500,49.16%,50.83%,-0.1020
71,BARTIN MERKEZ,Bartın,120.78700,102.71200,100.47000,59.33%,40.66%,0.4750
389,KURUCAŞİLE,Bartın,5.41400,4.52500,4.42900,56.87%,43.12%,-0.7320
594,ULUS,Bartın,18.39900,15.87700,15.51000,71.85%,28.14%,-0.5760
43,ARDAHAN MERKEZ,Ardahan,28.88200,22.86900,22.52700,40.52%,59.47%,0.0880
150,ÇILDIR,Ardahan,6.72200,5.22300,5.14400,52.09%,47.90%,-0.7730
900,DAMAL,Ardahan,3.84000,3.41200,3.38000,5.05%,94.94%,-0.8140
253,GÖLE,Ardahan,17.26100,12.83700,12.61600,47.40%,52.59%,-0.8310
277,HANAK,Ardahan,6.40200,5.41700,5.32100,33.39%,66.60%,-0.9260
472,POSOF,Ardahan,5.08200,4.25500,4.16600,66.20%,33.79%,-0.4920
41,ARALIK,Iğdır,14.09200,9.68300,9.50600,39.85%,60.14%,-0.8520
295,IĞDIR MERKEZ,Iğdır,95.29600,69.47500,68.44600,31.69%,68.30%,0.0330
903,KARAKOYUNLU,Iğdır,8.97500,6.30400,6.20400,41.07%,58.92%,-1.0080
585,TUZLUCA,Iğdır,15.76100,10.87600,10.67100,32.53%,67.46%,-0.9530
911,ALTINOVA,Yalova,22.52900,19.59100,19.28800,57.24%,42.75%,0.5560
912,ARMUTLU,Yalova,8.74600,7.27600,7.16700,59.66%,40.33%,0.0290
913,ÇINARCIK,Yalova,28.12600,23.06300,22.79400,46.24%,53.75%,0.1410
914,ÇİFTLİKKÖY,Yalova,36.30800,30.73800,30.27900,49.43%,50.56%,0.8280
918,TERMAL,Yalova,4.53300,3.92000,3.84900,63.57%,36.42%,0.1580
609,YALOVA MERKEZ,Yalova,104.73800,86.83000,85.63400,48.97%,51.02%,1.1370
194,EFLANİ,Karabük,7.28200,6.00500,5.84800,77.66%,22.33%,-0.6580
219,ESKİPAZAR,Karabük,10.40600,8.85800,8.66600,77.61%,22.38%,-0.3830
328,KARABÜK MERKEZ,Karabük,93.96100,81.06200,79.75400,64.52%,35.47%,0.9620
454,OVACIK,Karabük,3.34700,2.86900,2.80100,71.93%,28.06%,-0.7760
480,SAFRANBOLU,Karabük,50.65600,44.57900,43.85400,57%,42.99%,0.6620
749,YENİCE,Karabük,16.52900,14.11800,13.68200,64.14%,35.85%,-0.4480
915,ELBEYLİ,Kilis,4.64600,4.14100,4.05600,68.19%,31.80%,-0.8350
370,KİLİS MERKEZ,Kilis,80.95300,68.83700,67.74400,68.53%,31.46%,0.1930
916,MUSABEYLİ,Kilis,8.35500,7.27700,7.20800,80.77%,19.22%,-1.2430
917,POLATELİ,Kilis,3.31700,2.95100,2.90900,79.68%,20.31%,-1.1550
64,BAHÇE,Osmaniye,16.39100,14.48400,14.22800,76.81%,23.18%,-0.3020
636,DÜZİÇİ,Osmaniye,59.74500,50.72900,49.93400,66.79%,33.20%,-0.2690
919,HASANBEYLİ,Osmaniye,3.87400,3.40600,3.34500,68.84%,31.15%,-0.5800
318,KADİRLİ,Osmaniye,94.74400,80.16200,79.05000,62.80%,37.19%,0.1570
453,OSMANİYE MERKEZ,Osmaniye,189.24500,157.50500,155.47500,67.21%,32.78%,0.5150
920,SUMBAS,Osmaniye,10.51800,8.96600,8.84800,65.18%,34.81%,-0.9870
921,TOPRAKKALE,Osmaniye,12.45400,10.94800,10.80500,59.52%,40.47%,-0.0840
16,AKÇAKOCA,Düzce,31.69900,28.29800,27.94300,62.07%,37.92%,0.2570
677,CUMAYERİ,Düzce,11.69400,10.65700,10.54600,80.58%,19.41%,-0.2370
798,ÇİLİMLİ,Düzce,13.57400,12.45100,12.28500,82.22%,17.77%,-0.1960
190,DÜZCE MERKEZ,Düzce,181.31700,162.09400,159.92300,70.26%,29.73%,1.0320
687,GÖLYAKA,Düzce,16.19000,14.90700,14.71800,72.63%,27.36%,-0.4720
909,GÜMÜŞOVA,Düzce,13.08500,11.86000,11.73300,75.30%,24.69%,-0.1340
923,KAYNAŞLI,Düzce,15.86200,14.08400,13.88700,81.33%,18.66%,-0.0990
623,YIĞILCA,Düzce,11.38500,10.22300,10.02600,86.28%,13.71%,-0.8800